{
    "Ar36": {
        "error": 0.0023361826535372859, 
        "fit": "parabolic", 
        "value": 0.032309892323665129
    }, 
    "Ar37": {
        "error": 0.1364666831954556, 
        "fit": "linear", 
        "value": -0.047247960329053144
    }, 
    "Ar38": {
        "error": 0.13856083297651145, 
        "fit": "linear", 
        "value": 1.3152849277742691
    }, 
    "Ar39": {
        "error": 0.10322090491239913, 
        "fit": "parabolic", 
        "value": 110.71988428158033
    }, 
    "Ar40": {
        "error": 0.49070939804990343, 
        "fit": "parabolic", 
        "value": 1529.2736239877631
    }, 
    "Ar41": {
        "error": 0.14915832451175859, 
        "fit": "average_SEM", 
        "value": -0.32886032555950806
    }
}