{
    "Ar36": {
        "error": 0.0010990518122521796, 
        "fit": "parabolic", 
        "value": 0.0023655019840408071
    }, 
    "Ar37": {
        "error": 0.13305146613690164, 
        "fit": "linear", 
        "value": -0.063678937429348076
    }, 
    "Ar38": {
        "error": 0.15622179729551669, 
        "fit": "linear", 
        "value": -0.028911527221799543
    }, 
    "Ar39": {
        "error": 0.05938272646749812, 
        "fit": "parabolic", 
        "value": 6.2668287457004279
    }, 
    "Ar40": {
        "error": 0.16721725006107499, 
        "fit": "parabolic", 
        "value": 86.352647499764203
    }, 
    "Ar41": {
        "error": 0.12074057664544888, 
        "fit": "average_SEM", 
        "value": 0.21273858572278792
    }
}