{
    "Ar36": {
        "error": 0.0023758308389707355, 
        "fit": "parabolic", 
        "value": 0.02952565503685585
    }, 
    "Ar37": {
        "error": 0.12893136809169156, 
        "fit": "linear", 
        "value": -0.012354002984844086
    }, 
    "Ar38": {
        "error": 0.13336927444311508, 
        "fit": "linear", 
        "value": 1.237962936233111
    }, 
    "Ar39": {
        "error": 0.10323225528134387, 
        "fit": "parabolic", 
        "value": 101.60376535056622
    }, 
    "Ar40": {
        "error": 0.47091211042166303, 
        "fit": "parabolic", 
        "value": 1403.7047891898324
    }, 
    "Ar41": {
        "error": 0.14263607733780773, 
        "fit": "average_SEM", 
        "value": -0.046623983358404078
    }
}