{
    "Ar36": {
        "error": 0.0011425621839655676, 
        "fit": "parabolic", 
        "value": 0.002388994351170376
    }, 
    "Ar37": {
        "error": 0.12834532828936182, 
        "fit": "linear", 
        "value": -0.11580245860750688
    }, 
    "Ar38": {
        "error": 0.15517635605156493, 
        "fit": "linear", 
        "value": -0.042545231111968118
    }, 
    "Ar39": {
        "error": 0.064671586562266126, 
        "fit": "parabolic", 
        "value": 6.2560715338205597
    }, 
    "Ar40": {
        "error": 0.18030589257110186, 
        "fit": "parabolic", 
        "value": 86.343449192190548
    }, 
    "Ar41": {
        "error": 0.12340050751202039, 
        "fit": "average_SEM", 
        "value": -0.0718223566376643
    }
}