{
    "Ar36": {
        "error": 0.0023042924543604237, 
        "fit": "parabolic", 
        "value": 0.031465441046612377
    }, 
    "Ar37": {
        "error": 0.13588114423918951, 
        "fit": "linear", 
        "value": -0.071705044203790397
    }, 
    "Ar38": {
        "error": 0.14090393539742141, 
        "fit": "linear", 
        "value": 1.3411111646806777
    }, 
    "Ar39": {
        "error": 0.11067791453052458, 
        "fit": "parabolic", 
        "value": 110.76903851333344
    }, 
    "Ar40": {
        "error": 0.49559839500518393, 
        "fit": "parabolic", 
        "value": 1529.3586805469702
    }, 
    "Ar41": {
        "error": 0.1533855649709196, 
        "fit": "average_SEM", 
        "value": -0.31977792729099747
    }
}