{
    "Ar36": {
        "error": 0.0024856276295312603, 
        "fit": "parabolic", 
        "value": 0.029793640887499622
    }, 
    "Ar37": {
        "error": 0.13536164067432599, 
        "fit": "linear", 
        "value": -0.05371527436148503
    }, 
    "Ar38": {
        "error": 0.12848040661460244, 
        "fit": "linear", 
        "value": 1.2150841279397762
    }, 
    "Ar39": {
        "error": 0.1115554831572089, 
        "fit": "parabolic", 
        "value": 101.68170978309175
    }, 
    "Ar40": {
        "error": 0.46656535959556511, 
        "fit": "parabolic", 
        "value": 1403.9205277800338
    }, 
    "Ar41": {
        "error": 0.12304420214554306, 
        "fit": "average_SEM", 
        "value": -0.068378588050254624
    }
}