{
    "Ar36": {
        "error": 0.0019473752042084083, 
        "fit": "parabolic", 
        "value": 0.020502368024178819
    }, 
    "Ar37": {
        "error": 0.13832088066999379, 
        "fit": "linear", 
        "value": -0.023224745230049471
    }, 
    "Ar38": {
        "error": 0.14568049890433493, 
        "fit": "linear", 
        "value": -0.0030309188482310406
    }, 
    "Ar39": {
        "error": 0.062650446393431147, 
        "fit": "parabolic", 
        "value": 5.6514190611368873
    }, 
    "Ar40": {
        "error": 0.38620552107316614, 
        "fit": "parabolic", 
        "value": 1012.2342199803423
    }, 
    "Ar41": {
        "error": 0.13734829494736275, 
        "fit": "average_SEM", 
        "value": -0.0077024037988667263
    }
}