{
    "Ar36": {
        "error": 0.0022954191124802763, 
        "fit": "parabolic", 
        "value": 0.023666595549758106
    }, 
    "Ar37": {
        "error": 0.13514401556561406, 
        "fit": "linear", 
        "value": -0.025784452746918644
    }, 
    "Ar38": {
        "error": 0.16314225783358136, 
        "fit": "linear", 
        "value": 0.1179250495263611
    }, 
    "Ar39": {
        "error": 0.070388053069718848, 
        "fit": "parabolic", 
        "value": 18.025423430512653
    }, 
    "Ar40": {
        "error": 0.65111693900447809, 
        "fit": "parabolic", 
        "value": 3228.6631219905375
    }, 
    "Ar41": {
        "error": 0.12995539084102742, 
        "fit": "average_SEM", 
        "value": 0.036090781303209953
    }
}