{
    "Ar36": {
        "error": 0.002070430601906841, 
        "fit": "parabolic", 
        "value": 0.021702201497131181
    }, 
    "Ar37": {
        "error": 0.13912052656862295, 
        "fit": "linear", 
        "value": -0.02046919928608245
    }, 
    "Ar38": {
        "error": 0.15229852760942664, 
        "fit": "linear", 
        "value": 0.092465616059502015
    }, 
    "Ar39": {
        "error": 0.072837062466849664, 
        "fit": "parabolic", 
        "value": 13.620768803598418
    }, 
    "Ar40": {
        "error": 0.58140206788139903, 
        "fit": "parabolic", 
        "value": 2442.2171089416906
    }, 
    "Ar41": {
        "error": 0.13230555451936477, 
        "fit": "average_SEM", 
        "value": 0.021513826756417984
    }
}