{
    "Ar36": {
        "error": 0.0022042604747819238, 
        "fit": "parabolic", 
        "value": 0.023889212584000577
    }, 
    "Ar37": {
        "error": 0.14050618149332372, 
        "fit": "linear", 
        "value": -0.036868083991211532
    }, 
    "Ar38": {
        "error": 0.14071497659168886, 
        "fit": "linear", 
        "value": 0.050258284528610003
    }, 
    "Ar39": {
        "error": 0.073447206014211383, 
        "fit": "parabolic", 
        "value": 13.067929942613628
    }, 
    "Ar40": {
        "error": 0.63520715814907913, 
        "fit": "parabolic", 
        "value": 2342.7251927383422
    }, 
    "Ar41": {
        "error": 0.13917433168338417, 
        "fit": "average_SEM", 
        "value": 0.020161861947126453
    }
}