{
    "Ar36": {
        "error": 0.0026609880959371493, 
        "fit": "parabolic", 
        "value": 0.035894981216126054
    }, 
    "Ar37": {
        "error": 0.13276607254302183, 
        "fit": "linear", 
        "value": -0.02702608835676678
    }, 
    "Ar38": {
        "error": 0.14323489757889918, 
        "fit": "linear", 
        "value": 0.038472231683680504
    }, 
    "Ar39": {
        "error": 0.067427442215696784, 
        "fit": "parabolic", 
        "value": 9.2805834818071045
    }, 
    "Ar40": {
        "error": 0.48518532087370814, 
        "fit": "parabolic", 
        "value": 1664.6596981608584
    }, 
    "Ar41": {
        "error": 0.13860510015106806, 
        "fit": "average_SEM", 
        "value": 0.0094589416842791249
    }
}