{
    "Ar36": {
        "error": 0.0022180628619193569, 
        "fit": "parabolic", 
        "value": 0.025695512066436103
    }, 
    "Ar37": {
        "error": 0.13594212557942165, 
        "fit": "linear", 
        "value": -0.062407941980365429
    }, 
    "Ar38": {
        "error": 0.1412224598336409, 
        "fit": "linear", 
        "value": -0.006269348268583011
    }, 
    "Ar39": {
        "error": 0.066179900846293299, 
        "fit": "parabolic", 
        "value": 5.8842978735213327
    }, 
    "Ar40": {
        "error": 0.38891634815892656, 
        "fit": "parabolic", 
        "value": 1060.0067282612001
    }, 
    "Ar41": {
        "error": 0.1315853998024922, 
        "fit": "average_SEM", 
        "value": -0.0079905993540887715
    }
}