{
    "Ar36": {
        "error": 0.0026369218114635096, 
        "fit": "parabolic", 
        "value": 0.03701708883604754
    }, 
    "Ar37": {
        "error": 0.13289981843366155, 
        "fit": "linear", 
        "value": -0.044523748288041787
    }, 
    "Ar38": {
        "error": 0.13107255300832132, 
        "fit": "linear", 
        "value": 0.052812628756686172
    }, 
    "Ar39": {
        "error": 0.075596040734705092, 
        "fit": "parabolic", 
        "value": 10.216062588056724
    }, 
    "Ar40": {
        "error": 0.52032939871600659, 
        "fit": "parabolic", 
        "value": 1844.1727043802296
    }, 
    "Ar41": {
        "error": 0.13161575259214137, 
        "fit": "average_SEM", 
        "value": 0.015416480702988337
    }
}