{
    "Ar36": {
        "error": 0.0071809698663180205, 
        "fit": "parabolic", 
        "value": 0.34726875198739493
    }, 
    "Ar37": {
        "error": 0.13698409476376719, 
        "fit": "linear", 
        "value": -0.027558603747563731
    }, 
    "Ar38": {
        "error": 0.14260338566335956, 
        "fit": "linear", 
        "value": 0.10169175742528022
    }, 
    "Ar39": {
        "error": 0.067120540657074942, 
        "fit": "parabolic", 
        "value": 10.945160260990029
    }, 
    "Ar40": {
        "error": 0.55387094873459797, 
        "fit": "parabolic", 
        "value": 2074.8435996856215
    }, 
    "Ar41": {
        "error": 0.14166145784200676, 
        "fit": "average_SEM", 
        "value": 0.023340453785913269
    }
}