{
    "Ar36": {
        "error": 0.0017988332266423782, 
        "fit": "parabolic", 
        "value": 0.015485250596643789
    }, 
    "Ar37": {
        "error": 0.13861662214864623, 
        "fit": "linear", 
        "value": -0.033131121672938003
    }, 
    "Ar38": {
        "error": 0.13972385467075926, 
        "fit": "linear", 
        "value": 0.03529495196667911
    }, 
    "Ar39": {
        "error": 0.064503096452898936, 
        "fit": "parabolic", 
        "value": 9.3469570324398887
    }, 
    "Ar40": {
        "error": 0.51907319686643927, 
        "fit": "parabolic", 
        "value": 1689.9015865845995
    }, 
    "Ar41": {
        "error": 0.13315209665445332, 
        "fit": "average_SEM", 
        "value": 0.013054011864278436
    }
}