{
    "Ar36": {
        "error": 0.0022488245674720767, 
        "fit": "parabolic", 
        "value": 0.026167554537385711
    }, 
    "Ar37": {
        "error": 0.13662631980622139, 
        "fit": "linear", 
        "value": -0.074719522935797839
    }, 
    "Ar38": {
        "error": 0.13410615766089293, 
        "fit": "linear", 
        "value": 0.0075141243328935379
    }, 
    "Ar39": {
        "error": 0.068583486809361632, 
        "fit": "parabolic", 
        "value": 8.6716855886481934
    }, 
    "Ar40": {
        "error": 0.49200081925451133, 
        "fit": "parabolic", 
        "value": 1567.3357909579868
    }, 
    "Ar41": {
        "error": 0.13091910834937021, 
        "fit": "average_SEM", 
        "value": -0.025820357692136895
    }
}