{
    "Ar36": {
        "error": 0.0029799566176852859, 
        "fit": "parabolic", 
        "value": 0.046804956391168079
    }, 
    "Ar37": {
        "error": 0.13757953828528641, 
        "fit": "linear", 
        "value": -0.08289450541076343
    }, 
    "Ar38": {
        "error": 0.14971014181189962, 
        "fit": "linear", 
        "value": 0.084210742580544923
    }, 
    "Ar39": {
        "error": 0.069759080168227891, 
        "fit": "parabolic", 
        "value": 12.539701886291056
    }, 
    "Ar40": {
        "error": 0.5854287380409896, 
        "fit": "parabolic", 
        "value": 2270.1433814771817
    }, 
    "Ar41": {
        "error": 0.12233658351701425, 
        "fit": "average_SEM", 
        "value": 0.012618977890560927
    }
}