{
    "Ar36": {
        "error": 0.0022440201537603246, 
        "fit": "parabolic", 
        "value": 0.018690755130198539
    }, 
    "Ar37": {
        "error": 0.13544237329253714, 
        "fit": "linear", 
        "value": -0.044158298605951676
    }, 
    "Ar38": {
        "error": 0.14646252602409066, 
        "fit": "linear", 
        "value": 0.034832550994173712
    }, 
    "Ar39": {
        "error": 0.063496381375189107, 
        "fit": "parabolic", 
        "value": 8.5563618707826219
    }, 
    "Ar40": {
        "error": 0.47288790284835341, 
        "fit": "parabolic", 
        "value": 1540.0690017150541
    }, 
    "Ar41": {
        "error": 0.12701005900134929, 
        "fit": "average_SEM", 
        "value": -0.0070127269432305184
    }
}