{
    "Ar36": {
        "error": 0.0025353186810010329, 
        "fit": "parabolic", 
        "value": 0.031453333122061521
    }, 
    "Ar37": {
        "error": 0.13786821311932954, 
        "fit": "linear", 
        "value": -0.12450383696864478
    }, 
    "Ar38": {
        "error": 0.13404538897114021, 
        "fit": "linear", 
        "value": -0.019927187751311626
    }, 
    "Ar39": {
        "error": 0.065481441814460736, 
        "fit": "parabolic", 
        "value": 8.2423358030865312
    }, 
    "Ar40": {
        "error": 0.51871740725286619, 
        "fit": "parabolic", 
        "value": 1489.7521766477691
    }, 
    "Ar41": {
        "error": 0.11887467114899516, 
        "fit": "average_SEM", 
        "value": -0.041549099138792372
    }
}