{
    "Ar36": {
        "error": 0.0021602563076722541, 
        "fit": "parabolic", 
        "value": 0.026703345288014449
    }, 
    "Ar37": {
        "error": 0.13741715040124611, 
        "fit": "linear", 
        "value": -0.1288146329142256
    }, 
    "Ar38": {
        "error": 0.13550762576491807, 
        "fit": "linear", 
        "value": -0.08278025930346572
    }, 
    "Ar39": {
        "error": 0.066612599745361836, 
        "fit": "parabolic", 
        "value": 5.3196446933121599
    }, 
    "Ar40": {
        "error": 0.36006266280496779, 
        "fit": "parabolic", 
        "value": 959.60992207267236
    }, 
    "Ar41": {
        "error": 0.12573878228519283, 
        "fit": "average_SEM", 
        "value": -0.057967400504567196
    }
}