{
    "Ar36": {
        "error": 0.0024113694424110258, 
        "fit": "parabolic", 
        "value": 0.027679461019653309
    }, 
    "Ar37": {
        "error": 0.14170607209051198, 
        "fit": "linear", 
        "value": -0.11310935324226513
    }, 
    "Ar38": {
        "error": 0.13292857708169734, 
        "fit": "linear", 
        "value": -0.023296278679014001
    }, 
    "Ar39": {
        "error": 0.065747613310149819, 
        "fit": "parabolic", 
        "value": 6.1711380725959142
    }, 
    "Ar40": {
        "error": 0.4182950641765914, 
        "fit": "parabolic", 
        "value": 1117.4284752136959
    }, 
    "Ar41": {
        "error": 0.12140489532555089, 
        "fit": "average_SEM", 
        "value": -0.048445023788081014
    }
}