{
    "Ar36": {
        "error": 0.0033002936935235716, 
        "fit": "parabolic", 
        "value": 0.068346391714797505
    }, 
    "Ar37": {
        "error": 0.14475784957935953, 
        "fit": "linear", 
        "value": -0.11091675097901638
    }, 
    "Ar38": {
        "error": 0.15743095407251273, 
        "fit": "linear", 
        "value": 0.03953352494072386
    }, 
    "Ar39": {
        "error": 0.068909100534412834, 
        "fit": "parabolic", 
        "value": 11.209188183608887
    }, 
    "Ar40": {
        "error": 0.55565863348458888, 
        "fit": "parabolic", 
        "value": 2026.2181412545704
    }, 
    "Ar41": {
        "error": 0.12026301574517981, 
        "fit": "average_SEM", 
        "value": -0.020943613670533524
    }
}