{
    "Ar36": {
        "error": 0.00085056385504268795, 
        "fit": "parabolic", 
        "value": 0.00066199360500530393
    }, 
    "Ar37": {
        "error": 0.13340069991353012, 
        "fit": "linear", 
        "value": -0.064758251438018236
    }, 
    "Ar38": {
        "error": 0.12175052735156096, 
        "fit": "linear", 
        "value": -0.062783763094829165
    }, 
    "Ar39": {
        "error": 0.060352186113674433, 
        "fit": "parabolic", 
        "value": 0.0072669508235742482
    }, 
    "Ar40": {
        "error": 0.12686054976845185, 
        "fit": "parabolic", 
        "value": 0.19881403599870193
    }, 
    "Ar41": {
        "error": 0.14362135889015101, 
        "fit": "average_SEM", 
        "value": -0.35660445656627415
    }
}