{
    "Ar36": {
        "error": 0.00083525817508163524, 
        "fit": "parabolic", 
        "value": 0.00088311293633877238
    }, 
    "Ar37": {
        "error": 0.13799138972951874, 
        "fit": "linear", 
        "value": -0.053734155055437674
    }, 
    "Ar38": {
        "error": 0.12485257454680121, 
        "fit": "linear", 
        "value": -0.043734712317535396
    }, 
    "Ar39": {
        "error": 0.060702930369585947, 
        "fit": "parabolic", 
        "value": -0.0031909283403980275
    }, 
    "Ar40": {
        "error": 0.14626926992569309, 
        "fit": "parabolic", 
        "value": 0.36169540677308343
    }, 
    "Ar41": {
        "error": 0.15593805713097542, 
        "fit": "average_SEM", 
        "value": -0.35761292520677673
    }
}