{
    "Ar36": {
        "error": 0.00098914687351654338, 
        "fit": "parabolic", 
        "value": 0.00064308595423535463
    }, 
    "Ar37": {
        "error": 0.13843501181094328, 
        "fit": "linear", 
        "value": -0.038880930476225026
    }, 
    "Ar38": {
        "error": 0.13598197941102144, 
        "fit": "linear", 
        "value": -0.066317549741107387
    }, 
    "Ar39": {
        "error": 0.05681900463714569, 
        "fit": "parabolic", 
        "value": 0.031472109207324753
    }, 
    "Ar40": {
        "error": 0.14880863293755581, 
        "fit": "parabolic", 
        "value": 0.37125905272925647
    }, 
    "Ar41": {
        "error": 0.1266133252294539, 
        "fit": "average_SEM", 
        "value": -0.037759202102206471
    }
}