{
    "Ar36": {
        "error": 0.00082662971345918686, 
        "fit": "parabolic", 
        "value": 0.00070098029232037009
    }, 
    "Ar37": {
        "error": 0.14345726152268873, 
        "fit": "linear", 
        "value": 0.018338560620834221
    }, 
    "Ar38": {
        "error": 0.1371267659873292, 
        "fit": "linear", 
        "value": -0.05916094356453027
    }, 
    "Ar39": {
        "error": 0.059175143654502271, 
        "fit": "parabolic", 
        "value": 0.01263141351923972
    }, 
    "Ar40": {
        "error": 0.13036034492262408, 
        "fit": "parabolic", 
        "value": 0.17917767442234539
    }, 
    "Ar41": {
        "error": 0.13467776834806516, 
        "fit": "average_SEM", 
        "value": -0.086628204357693903
    }
}