{
    "Ar36": {
        "error": 0.00096359495674483236, 
        "fit": "parabolic", 
        "value": 0.00080876091221059596
    }, 
    "Ar37": {
        "error": 0.14212318337944926, 
        "fit": "linear", 
        "value": -0.095916205966545723
    }, 
    "Ar38": {
        "error": 0.14462505521497174, 
        "fit": "linear", 
        "value": -0.12088447740019534
    }, 
    "Ar39": {
        "error": 0.061051376211825645, 
        "fit": "parabolic", 
        "value": 0.012236027662378333
    }, 
    "Ar40": {
        "error": 0.14188670050178345, 
        "fit": "parabolic", 
        "value": 0.27010315378092498
    }, 
    "Ar41": {
        "error": 0.11957021698906005, 
        "fit": "average_SEM", 
        "value": -0.064572147621850789
    }
}