{
    "Ar36": {
        "error": 0.0009227503167946186, 
        "fit": "parabolic", 
        "value": 0.00060363234569441775
    }, 
    "Ar37": {
        "error": 0.13935497446351375, 
        "fit": "linear", 
        "value": -0.032161869582867507
    }, 
    "Ar38": {
        "error": 0.13508555819703869, 
        "fit": "linear", 
        "value": -0.095503712452205375
    }, 
    "Ar39": {
        "error": 0.056941580846995361, 
        "fit": "parabolic", 
        "value": 0.022434857797590212
    }, 
    "Ar40": {
        "error": 0.14565231338219994, 
        "fit": "parabolic", 
        "value": 0.34629354219917075
    }, 
    "Ar41": {
        "error": 0.13854316142208203, 
        "fit": "average_SEM", 
        "value": -0.030388934802880005
    }
}