{
    "Ar36": {
        "error": 0.00081764161415399505, 
        "fit": "parabolic", 
        "value": 0.00070305149756568223
    }, 
    "Ar37": {
        "error": 0.14302250488178297, 
        "fit": "linear", 
        "value": -0.019597060860189155
    }, 
    "Ar38": {
        "error": 0.12652064745457997, 
        "fit": "linear", 
        "value": -0.059481166006579198
    }, 
    "Ar39": {
        "error": 0.057351654278816118, 
        "fit": "parabolic", 
        "value": 0.0058617865092102286
    }, 
    "Ar40": {
        "error": 0.13863289378980775, 
        "fit": "parabolic", 
        "value": 0.21987614032654609
    }, 
    "Ar41": {
        "error": 0.14245831767302267, 
        "fit": "average_SEM", 
        "value": -0.081836565634002906
    }
}