{
    "Ar36": {
        "error": 0.00079651991190662658, 
        "fit": "parabolic", 
        "value": 0.00089441695629522366
    }, 
    "Ar37": {
        "error": 0.13223763143866832, 
        "fit": "linear", 
        "value": 0.0029722814344632096
    }, 
    "Ar38": {
        "error": 0.13123276209265891, 
        "fit": "linear", 
        "value": -0.067426002839631516
    }, 
    "Ar39": {
        "error": 0.057526237557416447, 
        "fit": "parabolic", 
        "value": -0.0079145828679175745
    }, 
    "Ar40": {
        "error": 0.14122007196115405, 
        "fit": "parabolic", 
        "value": 0.17979541844725283
    }, 
    "Ar41": {
        "error": 0.14260309879891453, 
        "fit": "average_SEM", 
        "value": -0.084402234661829431
    }
}