{
    "Ar36": {
        "error": 0.00083260697619013161, 
        "fit": "parabolic", 
        "value": 0.00087113102366398259
    }, 
    "Ar37": {
        "error": 0.14076199072407491, 
        "fit": "linear", 
        "value": -0.036835043718630764
    }, 
    "Ar38": {
        "error": 0.12976971456376768, 
        "fit": "linear", 
        "value": -0.05455089324817522
    }, 
    "Ar39": {
        "error": 0.058281426821586955, 
        "fit": "parabolic", 
        "value": 0.0064813072105421674
    }, 
    "Ar40": {
        "error": 0.12459515552154722, 
        "fit": "parabolic", 
        "value": 0.15543362784427245
    }, 
    "Ar41": {
        "error": 0.1465931198941153, 
        "fit": "average_SEM", 
        "value": -0.10375637295961497
    }
}