{
    "Ar36": {
        "error": 0.00099623690813853546, 
        "fit": "parabolic", 
        "value": 0.00076690362141645062
    }, 
    "Ar37": {
        "error": 0.14273667592034417, 
        "fit": "linear", 
        "value": -0.063375800093996751
    }, 
    "Ar38": {
        "error": 0.16016780293380573, 
        "fit": "linear", 
        "value": -0.11748027593616339
    }, 
    "Ar39": {
        "error": 0.0065031054836497768, 
        "fit": "parabolic", 
        "value": 0.032900523979764798
    }, 
    "Ar40": {
        "error": 0.14470424586275574, 
        "fit": "parabolic", 
        "value": 0.44406750232504899
    }, 
    "Ar41": {
        "error": 0.11698200894568171, 
        "fit": "average_SEM", 
        "value": 0.20926894927397371
    }
}