{
    "Ar36": {
        "error": 0.0010045844303103225, 
        "fit": "parabolic", 
        "value": 0.00089462993324010464
    }, 
    "Ar37": {
        "error": 0.12891905766398312, 
        "fit": "linear", 
        "value": -0.13673242707218403
    }, 
    "Ar38": {
        "error": 0.14970437152931299, 
        "fit": "linear", 
        "value": -0.13426947157190916
    }, 
    "Ar39": {
        "error": 0.0075714751091657869, 
        "fit": "parabolic", 
        "value": 0.03153328013822794
    }, 
    "Ar40": {
        "error": 0.13675874480366582, 
        "fit": "parabolic", 
        "value": 0.38445717168784604
    }, 
    "Ar41": {
        "error": 0.12318997315492249, 
        "fit": "average_SEM", 
        "value": -0.077780633031701046
    }
}