{
    "AX": {
        "error": 0.056337610667029345, 
        "fit": "average_SEM", 
        "value": -0.0011137482783548573
    }, 
    "CDD": {
        "error": 0.00010652407000692513, 
        "fit": "average_SEM", 
        "value": 8.291699947828116e-05
    }, 
    "H1": {
        "error": 0.11381298904363235, 
        "fit": "average_SEM", 
        "value": 0.035994130651427744
    }, 
    "H2": {
        "error": 0.13677440695613796, 
        "fit": "average_SEM", 
        "value": -0.029851360401759546
    }, 
    "L1": {
        "error": 0.12722886848094103, 
        "fit": "average_SEM", 
        "value": -0.08451176062844752
    }, 
    "L2": {
        "error": 0.14762985807548842, 
        "fit": "average_SEM", 
        "value": -0.06639819344466863
    }
}