{
    "AX": {
        "error": 0.05255415104722862, 
        "fit": "average_SEM", 
        "value": -0.0056528449359272296
    }, 
    "CDD": {
        "error": 0.000190210214332159, 
        "fit": "average_SEM", 
        "value": 0.00025263773980744496
    }, 
    "H1": {
        "error": 0.1232533517751683, 
        "fit": "average_SEM", 
        "value": 0.026816632724755134
    }, 
    "H2": {
        "error": 0.13518193908450069, 
        "fit": "average_SEM", 
        "value": -0.025022636495608215
    }, 
    "L1": {
        "error": 0.13401400707047287, 
        "fit": "average_SEM", 
        "value": -0.09813805181977386
    }, 
    "L2": {
        "error": 0.13738738106121823, 
        "fit": "average_SEM", 
        "value": -0.05333407162300621
    }
}