{
    "AX": {
        "error": 0.06046172527733216, 
        "fit": "average_SEM", 
        "value": -0.0010153593713766896
    }, 
    "CDD": {
        "error": 0.0001391290536210963, 
        "fit": "average_SEM", 
        "value": 0.00013214896898716688
    }, 
    "H1": {
        "error": 0.12937292309187196, 
        "fit": "average_SEM", 
        "value": 0.020339737705459507
    }, 
    "H2": {
        "error": 0.14710922250006972, 
        "fit": "average_SEM", 
        "value": -0.013608286176652959
    }, 
    "L1": {
        "error": 0.11607339653115072, 
        "fit": "average_SEM", 
        "value": -0.08364983304866959
    }, 
    "L2": {
        "error": 0.14707993888079093, 
        "fit": "average_SEM", 
        "value": -0.06226294224325102
    }
}