{
    "AX": {
        "error": 0.059659772228084114, 
        "fit": "average_SEM", 
        "value": -0.0021517927592261308
    }, 
    "CDD": {
        "error": 8.244752005686845e-05, 
        "fit": "average_SEM", 
        "value": 4.145849961787462e-05
    }, 
    "H1": {
        "error": 0.14413520769895227, 
        "fit": "average_SEM", 
        "value": 0.015004463643163036
    }, 
    "H2": {
        "error": 0.14319192998430358, 
        "fit": "average_SEM", 
        "value": -0.017492508709741134
    }, 
    "L1": {
        "error": 0.14869514909339251, 
        "fit": "average_SEM", 
        "value": -0.0637991724225382
    }, 
    "L2": {
        "error": 0.13514248729693254, 
        "fit": "average_SEM", 
        "value": -0.04670154109511107
    }
}