{
    "AX": {
        "error": 0.05809802724396442, 
        "fit": "average_SEM", 
        "value": -0.005763250043431375
    }, 
    "CDD": {
        "error": 0.00012562668131502636, 
        "fit": "average_SEM", 
        "value": 8.550815618946217e-05
    }, 
    "H1": {
        "error": 0.13203187161011962, 
        "fit": "average_SEM", 
        "value": 0.013017826533177868
    }, 
    "H2": {
        "error": 0.115392399145267, 
        "fit": "average_SEM", 
        "value": -0.02962012043086967
    }, 
    "L1": {
        "error": 0.12212778014923073, 
        "fit": "average_SEM", 
        "value": -0.07461860637413338
    }, 
    "L2": {
        "error": 0.13540733406014374, 
        "fit": "average_SEM", 
        "value": -0.07328280327783432
    }
}