{
    "AX": {
        "error": 0.06196773358798384, 
        "fit": "average_SEM", 
        "value": 0.0018652933164654921
    }, 
    "CDD": {
        "error": 0.00015149370595154193, 
        "fit": "average_SEM", 
        "value": 0.00015417379763675853
    }, 
    "H1": {
        "error": 0.13239225566736043, 
        "fit": "average_SEM", 
        "value": 0.028385504398223325
    }, 
    "H2": {
        "error": 0.13893920703485552, 
        "fit": "average_SEM", 
        "value": -0.02823937500991936
    }, 
    "L1": {
        "error": 0.12712511546529187, 
        "fit": "average_SEM", 
        "value": -0.07489112921563598
    }, 
    "L2": {
        "error": 0.1354211116277142, 
        "fit": "average_SEM", 
        "value": -0.049971255428196554
    }
}