{
    "AX": {
        "error": 0.061627513072182706, 
        "fit": "average_SEM", 
        "value": -0.010023616890733441
    }, 
    "CDD": {
        "error": 0.00014134985375738595, 
        "fit": "average_SEM", 
        "value": 0.00012178434481029399
    }, 
    "H1": {
        "error": 0.12220737048278354, 
        "fit": "average_SEM", 
        "value": 0.010379985287242259
    }, 
    "H2": {
        "error": 0.11637894077778714, 
        "fit": "average_SEM", 
        "value": -0.04743051464708212
    }, 
    "L1": {
        "error": 0.1526720835940502, 
        "fit": "average_SEM", 
        "value": -0.07621767546612924
    }, 
    "L2": {
        "error": 0.13307576402918395, 
        "fit": "average_SEM", 
        "value": -0.058747936415602456
    }
}