{
    "AX": {
        "error": 0.06659529581646946, 
        "fit": "average_SEM", 
        "value": -0.0006286764537435374
    }, 
    "CDD": {
        "error": 0.00013861103873312144, 
        "fit": "average_SEM", 
        "value": 0.00012567107842187397
    }, 
    "H1": {
        "error": 0.14154003757584854, 
        "fit": "average_SEM", 
        "value": 0.0070536434529155185
    }, 
    "H2": {
        "error": 0.10820101519508879, 
        "fit": "average_SEM", 
        "value": -0.04214216782032357
    }, 
    "L1": {
        "error": 0.13442605438848657, 
        "fit": "average_SEM", 
        "value": -0.10115879991014178
    }, 
    "L2": {
        "error": 0.14669007145707627, 
        "fit": "average_SEM", 
        "value": -0.05509074559243648
    }
}