{
    "AX": {
        "error": 0.06253929173764945, 
        "fit": "average_SEM", 
        "value": -0.0018226729758434128
    }, 
    "CDD": {
        "error": 0.00016244926497570598, 
        "fit": "average_SEM", 
        "value": 0.00019822345493594184
    }, 
    "H1": {
        "error": 0.12273053579418863, 
        "fit": "average_SEM", 
        "value": -0.007822813556413167
    }, 
    "H2": {
        "error": 0.1321525137354268, 
        "fit": "average_SEM", 
        "value": -0.0480924587064995
    }, 
    "L1": {
        "error": 0.12649627803227362, 
        "fit": "average_SEM", 
        "value": -0.109290010680949
    }, 
    "L2": {
        "error": 0.1316971752577268, 
        "fit": "average_SEM", 
        "value": -0.07320328110363335
    }
}