{
    "AX": {
        "error": 0.05641444125611908, 
        "fit": "average_SEM", 
        "value": -0.0055018864647233085
    }, 
    "CDD": {
        "error": 0.00014103216488346295, 
        "fit": "average_SEM", 
        "value": 0.00011271529704875623
    }, 
    "H1": {
        "error": 0.14255241365569166, 
        "fit": "average_SEM", 
        "value": -0.00019648807550159592
    }, 
    "H2": {
        "error": 0.12287142932341956, 
        "fit": "average_SEM", 
        "value": -0.07052617091782547
    }, 
    "L1": {
        "error": 0.13573516457574608, 
        "fit": "average_SEM", 
        "value": -0.10927685463102535
    }, 
    "L2": {
        "error": 0.12229870133360997, 
        "fit": "average_SEM", 
        "value": -0.10433353413536679
    }
}