{
    "AX": {
        "error": 0.054353667945694475, 
        "fit": "average_SEM", 
        "value": -0.0038176445673646715
    }, 
    "CDD": {
        "error": 0.00020003008819440007, 
        "fit": "average_SEM", 
        "value": 0.0002474554288104021
    }, 
    "H1": {
        "error": 0.12809187889051346, 
        "fit": "average_SEM", 
        "value": 0.029275751925888473
    }, 
    "H2": {
        "error": 0.11813826834484244, 
        "fit": "average_SEM", 
        "value": -0.04352400634913162
    }, 
    "L1": {
        "error": 0.13350985365094592, 
        "fit": "average_SEM", 
        "value": -0.09207388469415795
    }, 
    "L2": {
        "error": 0.14320454700704252, 
        "fit": "average_SEM", 
        "value": -0.06398653864343942
    }
}