{
    "AX": {
        "error": 0.06212114818493727, 
        "fit": "average_SEM", 
        "value": 0.0012079624260271278
    }, 
    "CDD": {
        "error": 0.00011001809919742771, 
        "fit": "average_SEM", 
        "value": 8.680373381745692e-05
    }, 
    "H1": {
        "error": 0.13718699886537436, 
        "fit": "average_SEM", 
        "value": -0.014646413860221703
    }, 
    "H2": {
        "error": 0.11597799021480544, 
        "fit": "average_SEM", 
        "value": -0.08662110541869576
    }, 
    "L1": {
        "error": 0.1308694189110034, 
        "fit": "average_SEM", 
        "value": -0.11421243989607319
    }, 
    "L2": {
        "error": 0.1282807543158125, 
        "fit": "average_SEM", 
        "value": -0.14594109303628405
    }
}