{
    "AX": {
        "error": 0.05464623013347238, 
        "fit": "average_SEM", 
        "value": 0.006232647463184549
    }, 
    "CDD": {
        "error": 0.000131492185156755, 
        "fit": "average_SEM", 
        "value": 0.00013603570332634262
    }, 
    "H1": {
        "error": 0.1348513050456244, 
        "fit": "average_SEM", 
        "value": -0.042629016059496885
    }, 
    "H2": {
        "error": 0.12213869362154356, 
        "fit": "average_SEM", 
        "value": -0.06810331104206853
    }, 
    "L1": {
        "error": 0.12511040319214625, 
        "fit": "average_SEM", 
        "value": -0.1295268970677474
    }, 
    "L2": {
        "error": 0.13538344976218925, 
        "fit": "average_SEM", 
        "value": -0.11143203456110011
    }
}