{
    "AX": {
        "error": 0.05300505654825173, 
        "fit": "average_SEM", 
        "value": 0.0002752785290188816
    }, 
    "CDD": {
        "error": 0.0001339724855170915, 
        "fit": "average_SEM", 
        "value": 0.00012178434384016631
    }, 
    "H1": {
        "error": 0.12502880059679294, 
        "fit": "average_SEM", 
        "value": -0.019568582860908162
    }, 
    "H2": {
        "error": 0.11562086806890104, 
        "fit": "average_SEM", 
        "value": -0.08643371603490474
    }, 
    "L1": {
        "error": 0.1180613565905928, 
        "fit": "average_SEM", 
        "value": -0.1093514876391661
    }, 
    "L2": {
        "error": 0.12801813357058844, 
        "fit": "average_SEM", 
        "value": -0.13630402174700673
    }
}