{
    "AX": {
        "error": 0.06387115148286245, 
        "fit": "average_SEM", 
        "value": 0.0006150003331034289
    }, 
    "CDD": {
        "error": 6.67964601607357e-05, 
        "fit": "average_SEM", 
        "value": 2.85027184872888e-05
    }, 
    "H1": {
        "error": 0.13996775146752208, 
        "fit": "average_SEM", 
        "value": -0.013026999573715633
    }, 
    "H2": {
        "error": 0.11919911170479397, 
        "fit": "average_SEM", 
        "value": -0.08758244295895565
    }, 
    "L1": {
        "error": 0.1392707027297767, 
        "fit": "average_SEM", 
        "value": -0.13032977568218485
    }, 
    "L2": {
        "error": 0.14478029866682593, 
        "fit": "average_SEM", 
        "value": -0.13257494886250545
    }
}