{
    "AX": {
        "error": 0.060743941709884154, 
        "fit": "average_SEM", 
        "value": -0.00518540092210363
    }, 
    "CDD": {
        "error": 0.00011763177137255204, 
        "fit": "average_SEM", 
        "value": 9.716835944952132e-05
    }, 
    "H1": {
        "error": 0.11196412378629661, 
        "fit": "average_SEM", 
        "value": -0.02827394031731577
    }, 
    "H2": {
        "error": 0.12571129994826616, 
        "fit": "average_SEM", 
        "value": -0.0776610403326534
    }, 
    "L1": {
        "error": 0.12566771241775065, 
        "fit": "average_SEM", 
        "value": -0.13878396498815468
    }, 
    "L2": {
        "error": 0.15295383732612686, 
        "fit": "average_SEM", 
        "value": -0.14648540574902047
    }
}