{
    "AX": {
        "error": 0.06347784322476674, 
        "fit": "average_SEM", 
        "value": -0.003644929875736125
    }, 
    "CDD": {
        "error": 0.0001192395693933074, 
        "fit": "average_SEM", 
        "value": 7.773468751111068e-05
    }, 
    "H1": {
        "error": 0.12836531802346277, 
        "fit": "average_SEM", 
        "value": -0.036131776686913024
    }, 
    "H2": {
        "error": 0.11287777617293263, 
        "fit": "average_SEM", 
        "value": -0.07467842029970294
    }, 
    "L1": {
        "error": 0.12442040738225914, 
        "fit": "average_SEM", 
        "value": -0.1514112636446953
    }, 
    "L2": {
        "error": 0.1415492527315242, 
        "fit": "average_SEM", 
        "value": -0.13945790163512964
    }
}