{
    "AX": {
        "error": 0.06675507183056097, 
        "fit": "average_SEM", 
        "value": 12.227015256881714
    }, 
    "CDD": {
        "error": 0.002675632492504103, 
        "fit": "average_SEM", 
        "value": 0.03707175781019032
    }, 
    "H1": {
        "error": 12.604295321154668, 
        "fit": "average_SEM", 
        "value": 1990.7933329264322
    }, 
    "H2": {
        "error": 0.12500225467667625, 
        "fit": "average_SEM", 
        "value": 0.23950439672432064
    }, 
    "L1": {
        "error": 0.15186376745477687, 
        "fit": "average_SEM", 
        "value": 0.03536076048597655
    }, 
    "L2": {
        "error": 0.1422010516832712, 
        "fit": "average_SEM", 
        "value": -0.11924499498854857
    }
}