{
    "AX": {
        "error": 0.06177075358460659, 
        "fit": "average_SEM", 
        "value": -0.0029104171980482837
    }, 
    "CDD": {
        "error": 0.00014393079598602743, 
        "fit": "average_SEM", 
        "value": 0.00014121801602110887
    }, 
    "H1": {
        "error": 0.1362256438746384, 
        "fit": "average_SEM", 
        "value": -0.024827161638919886
    }, 
    "H2": {
        "error": 0.11252518090169501, 
        "fit": "average_SEM", 
        "value": -0.0552156383850767
    }, 
    "L1": {
        "error": 0.13675176953283125, 
        "fit": "average_SEM", 
        "value": -0.12817739084518204
    }, 
    "L2": {
        "error": 0.12645636902544047, 
        "fit": "average_SEM", 
        "value": -0.10373306859304042
    }
}