{
    "AX": {
        "error": 0.0727752568329986, 
        "fit": "average_SEM", 
        "value": 12.958986107508341
    }, 
    "CDD": {
        "error": 0.002410721752074205, 
        "fit": "average_SEM", 
        "value": 0.031328435568138954
    }, 
    "H1": {
        "error": 13.128858256837466, 
        "fit": "average_SEM", 
        "value": 2100.239650472005
    }, 
    "H2": {
        "error": 0.12125676549598721, 
        "fit": "average_SEM", 
        "value": -0.012581045840245981
    }, 
    "L1": {
        "error": 0.16330501366319808, 
        "fit": "average_SEM", 
        "value": 0.05994057009617488
    }, 
    "L2": {
        "error": 0.1319711276435345, 
        "fit": "average_SEM", 
        "value": -0.1209077674197033
    }
}