{
    "AX": {
        "error": 0.06611866660512684, 
        "fit": "average_SEM", 
        "value": -0.007628919237241563
    }, 
    "CDD": {
        "error": 4.487178399311061e-05, 
        "fit": "average_SEM", 
        "value": 1.2092062388546764e-05
    }, 
    "H1": {
        "error": 0.1327561914984098, 
        "fit": "average_SEM", 
        "value": 0.01966348857515388
    }, 
    "H2": {
        "error": 0.1309165389649403, 
        "fit": "average_SEM", 
        "value": -0.02673731611284893
    }, 
    "L1": {
        "error": 0.12624246600966235, 
        "fit": "average_SEM", 
        "value": -0.08600210063515179
    }, 
    "L2": {
        "error": 0.14296047977699622, 
        "fit": "average_SEM", 
        "value": -0.062493229833328064
    }
}