{
    "AX": {
        "error": 0.05138522199506383, 
        "fit": "average_SEM", 
        "value": -0.002966892877399611
    }, 
    "CDD": {
        "error": 4.3149631137483906e-05, 
        "fit": "average_SEM", 
        "value": 1.295578113058582e-05
    }, 
    "H1": {
        "error": 0.13555919970420782, 
        "fit": "average_SEM", 
        "value": 0.030529734043132823
    }, 
    "H2": {
        "error": 0.13116426173081097, 
        "fit": "average_SEM", 
        "value": 0.20022079912693394
    }, 
    "L1": {
        "error": 0.1411729307283351, 
        "fit": "average_SEM", 
        "value": -0.03551549279788257
    }, 
    "L2": {
        "error": 0.1414167558474636, 
        "fit": "average_SEM", 
        "value": -0.0006338650962182631
    }
}