{
    "AX": {
        "error": 0.061590535475352266, 
        "fit": "average_SEM", 
        "value": -0.0033153802738524973
    }, 
    "CDD": {
        "error": 6.17945686640865e-05, 
        "fit": "average_SEM", 
        "value": 1.5546937599234905e-05
    }, 
    "H1": {
        "error": 0.13642678815478726, 
        "fit": "average_SEM", 
        "value": 0.0026820616816015295
    }, 
    "H2": {
        "error": 0.11796728197219, 
        "fit": "average_SEM", 
        "value": 0.1853501790105535
    }, 
    "L1": {
        "error": 0.1280453374855418, 
        "fit": "average_SEM", 
        "value": -0.05295594632431554
    }, 
    "L2": {
        "error": 0.15363262980775302, 
        "fit": "average_SEM", 
        "value": -0.008877629853183558
    }
}