{
    "AX": {
        "error": 0.056277631916163445, 
        "fit": "average_SEM", 
        "value": -0.008071413631356942
    }, 
    "CDD": {
        "error": 4.6836371888270304e-05, 
        "fit": "average_SEM", 
        "value": 1.5546937356702982e-05
    }, 
    "H1": {
        "error": 0.11028406578295599, 
        "fit": "average_SEM", 
        "value": 0.014589369113188392
    }, 
    "H2": {
        "error": 0.1349313812537482, 
        "fit": "average_SEM", 
        "value": -0.09078772097127512
    }, 
    "L1": {
        "error": 0.13248327321686224, 
        "fit": "average_SEM", 
        "value": -0.05738644784626861
    }, 
    "L2": {
        "error": 0.12108431957280799, 
        "fit": "average_SEM", 
        "value": -0.041539135392910494
    }
}