{
    "AX": {
        "error": 0.06406176356622674, 
        "fit": "average_SEM", 
        "value": -0.04992810526649313
    }, 
    "CDD": {
        "error": 3.894347929898622e-05, 
        "fit": "average_SEM", 
        "value": 1.0364624904468655e-05
    }, 
    "H1": {
        "error": 0.1537804476086318, 
        "fit": "average_SEM", 
        "value": 0.0029339340748265386
    }, 
    "H2": {
        "error": 0.15537336238604788, 
        "fit": "average_SEM", 
        "value": -0.36903678442661964
    }, 
    "L1": {
        "error": 0.163591487924399, 
        "fit": "average_SEM", 
        "value": -0.08017283868442367
    }, 
    "L2": {
        "error": 0.1263174354739373, 
        "fit": "average_SEM", 
        "value": -0.01957645478541963
    }
}