{
    "AX": {
        "error": 0.06400956544596895, 
        "fit": "average_SEM", 
        "value": -0.007501650514655012
    }, 
    "CDD": {
        "error": 3.402583532384326e-05, 
        "fit": "average_SEM", 
        "value": 7.773468678351491e-06
    }, 
    "H1": {
        "error": 0.13122639001419417, 
        "fit": "average_SEM", 
        "value": 0.00013769155484624206
    }, 
    "H2": {
        "error": 0.13789683805812245, 
        "fit": "average_SEM", 
        "value": -0.077343076497588
    }, 
    "L1": {
        "error": 0.12025306622288914, 
        "fit": "average_SEM", 
        "value": -0.06971710806246847
    }, 
    "L2": {
        "error": 0.13273657024036914, 
        "fit": "average_SEM", 
        "value": -0.013222206188947894
    }
}