{
    "AX": {
        "error": 0.059106740160202405, 
        "fit": "average_SEM", 
        "value": -0.007702662138702483
    }, 
    "CDD": {
        "error": 5.716444954762414e-05, 
        "fit": "average_SEM", 
        "value": 1.554693751839093e-05
    }, 
    "H1": {
        "error": 0.13244396791783894, 
        "fit": "average_SEM", 
        "value": -0.0008609794562087498
    }, 
    "H2": {
        "error": 0.12129449621803913, 
        "fit": "average_SEM", 
        "value": -0.036861501744715496
    }, 
    "L1": {
        "error": 0.1363541727672354, 
        "fit": "average_SEM", 
        "value": -0.08745924443743812
    }, 
    "L2": {
        "error": 0.13824754003663853, 
        "fit": "average_SEM", 
        "value": -0.07642250288433085
    }
}