{
    "AX": {
        "error": 0.053212680745565843, 
        "fit": "average_SEM", 
        "value": -0.006534489136053405
    }, 
    "CDD": {
        "error": 4.3149631137483906e-05, 
        "fit": "average_SEM", 
        "value": 1.295578113058582e-05
    }, 
    "H1": {
        "error": 0.12702973455239402, 
        "fit": "average_SEM", 
        "value": 0.01980484758660168
    }, 
    "H2": {
        "error": 0.13391093050504263, 
        "fit": "average_SEM", 
        "value": 0.20741362596163526
    }, 
    "L1": {
        "error": 0.13940916512130933, 
        "fit": "average_SEM", 
        "value": -0.040358265621277194
    }, 
    "L2": {
        "error": 0.15099967211076276, 
        "fit": "average_SEM", 
        "value": -0.004077810275096756
    }
}