{
    "AX": {
        "error": 0.06666221698329916, 
        "fit": "average_SEM", 
        "value": -0.048234902790863995
    }, 
    "CDD": {
        "error": 3.119713176935617e-05, 
        "fit": "average_SEM", 
        "value": 6.47789056529291e-06
    }, 
    "H1": {
        "error": 0.12346655160041822, 
        "fit": "average_SEM", 
        "value": 0.021193411955997967
    }, 
    "H2": {
        "error": 0.13607359484393272, 
        "fit": "average_SEM", 
        "value": -0.35588243970026573
    }, 
    "L1": {
        "error": 0.1556950352215543, 
        "fit": "average_SEM", 
        "value": -0.0953543940888873
    }, 
    "L2": {
        "error": 0.12953412678951295, 
        "fit": "average_SEM", 
        "value": -0.0004942330813112979
    }
}