{
    "AX": {
        "error": 0.059213111613448076, 
        "fit": "average_SEM", 
        "value": -0.006215877159168788
    }, 
    "CDD": {
        "error": 5.004841061308477e-05, 
        "fit": "average_SEM", 
        "value": 1.8138093582820148e-05
    }, 
    "H1": {
        "error": 0.12554651216446944, 
        "fit": "average_SEM", 
        "value": -0.02385262629508765
    }, 
    "H2": {
        "error": 0.1184572576776431, 
        "fit": "average_SEM", 
        "value": -0.06132319767235054
    }, 
    "L1": {
        "error": 0.13964254172013144, 
        "fit": "average_SEM", 
        "value": -0.12249658214892002
    }, 
    "L2": {
        "error": 0.12387395039745855, 
        "fit": "average_SEM", 
        "value": -0.12118803893046991
    }
}