{
    "AX": {
        "error": 0.05348781169092905, 
        "fit": "average_SEM", 
        "value": -0.007147234680724068
    }, 
    "CDD": {
        "error": 5.254213615036465e-05, 
        "fit": "average_SEM", 
        "value": 1.6842515469761567e-05
    }, 
    "H1": {
        "error": 0.1337642838365452, 
        "fit": "average_SEM", 
        "value": 0.0917861869597497
    }, 
    "H2": {
        "error": 0.12468628784493929, 
        "fit": "average_SEM", 
        "value": 0.15568326460391593
    }, 
    "L1": {
        "error": 0.1281799007563365, 
        "fit": "average_SEM", 
        "value": -0.08540482050933254
    }, 
    "L2": {
        "error": 0.1380656580284855, 
        "fit": "average_SEM", 
        "value": -0.06047547744892654
    }
}