{
    "AX": {
        "error": 0.049538870779193875, 
        "fit": "average_SEM", 
        "value": -0.003394930640934035
    }, 
    "CDD": {
        "error": 4.504953748217626e-05, 
        "fit": "average_SEM", 
        "value": 1.42513592436444e-05
    }, 
    "H1": {
        "error": 0.14199554235456674, 
        "fit": "average_SEM", 
        "value": 0.009324971111103272
    }, 
    "H2": {
        "error": 0.10728419811542832, 
        "fit": "average_SEM", 
        "value": 0.17027829335614417
    }, 
    "L1": {
        "error": 0.11498457725843365, 
        "fit": "average_SEM", 
        "value": -0.07026893597552165
    }, 
    "L2": {
        "error": 0.13279574115189563, 
        "fit": "average_SEM", 
        "value": -0.029375478738802484
    }
}