{
    "AX": {
        "error": 0.05663988858535894, 
        "fit": "average_SEM", 
        "value": -0.032393287808493675
    }, 
    "CDD": {
        "error": 4.3149631137483906e-05, 
        "fit": "average_SEM", 
        "value": 1.295578113058582e-05
    }, 
    "H1": {
        "error": 0.1198595890243994, 
        "fit": "average_SEM", 
        "value": 0.001126032485626638
    }, 
    "H2": {
        "error": 0.15176319707802197, 
        "fit": "average_SEM", 
        "value": -0.37026191179951035
    }, 
    "L1": {
        "error": 0.1302720890227672, 
        "fit": "average_SEM", 
        "value": -0.06395619264027724
    }, 
    "L2": {
        "error": 0.13410893296925694, 
        "fit": "average_SEM", 
        "value": -0.07950479199401646
    }
}