{
    "AX": {
        "error": 0.05461493457384942, 
        "fit": "average_SEM", 
        "value": -0.03547212891523183
    }, 
    "CDD": {
        "error": 5.401935268053803e-05, 
        "fit": "average_SEM", 
        "value": 1.8138093582820148e-05
    }, 
    "H1": {
        "error": 0.1194718254210806, 
        "fit": "average_SEM", 
        "value": 0.031393585617964466
    }, 
    "H2": {
        "error": 0.13619529051945367, 
        "fit": "average_SEM", 
        "value": -0.35583886040064194
    }, 
    "L1": {
        "error": 0.12229971090344255, 
        "fit": "average_SEM", 
        "value": -0.07155713638445983
    }, 
    "L2": {
        "error": 0.13297239085264764, 
        "fit": "average_SEM", 
        "value": -0.07308491160268507
    }
}