{
    "AX": {
        "error": 0.05951967090518267, 
        "fit": "average_SEM", 
        "value": -0.002576534205581993
    }, 
    "CDD": {
        "error": 5.765692634082937e-05, 
        "fit": "average_SEM", 
        "value": 1.8138093582820148e-05
    }, 
    "H1": {
        "error": 0.13476883363110992, 
        "fit": "average_SEM", 
        "value": 0.02739311318922167
    }, 
    "H2": {
        "error": 0.1319445197961182, 
        "fit": "average_SEM", 
        "value": -0.07544806927216996
    }, 
    "L1": {
        "error": 0.12859403883487547, 
        "fit": "average_SEM", 
        "value": -0.0799822630782728
    }, 
    "L2": {
        "error": 0.14337283952112212, 
        "fit": "average_SEM", 
        "value": -0.00892935050142114
    }
}