{
    "AX": {
        "error": 0.06507525818807185, 
        "fit": "average_SEM", 
        "value": -0.035870462007490764
    }, 
    "CDD": {
        "error": 5.163224680370829e-05, 
        "fit": "average_SEM", 
        "value": 1.943367169587873e-05
    }, 
    "H1": {
        "error": 0.10585179472491596, 
        "fit": "average_SEM", 
        "value": 0.04307786545832641
    }, 
    "H2": {
        "error": 0.15229499896066898, 
        "fit": "average_SEM", 
        "value": -0.35694249781469506
    }, 
    "L1": {
        "error": 0.12230535973232075, 
        "fit": "average_SEM", 
        "value": -0.08441557758875812
    }, 
    "L2": {
        "error": 0.1408845810014795, 
        "fit": "average_SEM", 
        "value": -0.060068326821783556
    }
}