{
    "AX": {
        "error": 0.05709426890616487, 
        "fit": "average_SEM", 
        "value": -0.03852623751251182
    }, 
    "CDD": {
        "error": 4.504953748217625e-05, 
        "fit": "average_SEM", 
        "value": 1.42513592436444e-05
    }, 
    "H1": {
        "error": 0.13695657497068964, 
        "fit": "average_SEM", 
        "value": 0.051079540645878295
    }, 
    "H2": {
        "error": 0.13590695078407844, 
        "fit": "average_SEM", 
        "value": -0.3616765267060449
    }, 
    "L1": {
        "error": 0.11838744446292015, 
        "fit": "average_SEM", 
        "value": -0.07006026613623059
    }, 
    "L2": {
        "error": 0.14338339328913594, 
        "fit": "average_SEM", 
        "value": -0.08095267102859603
    }
}