{
    "AX": {
        "error": 0.059020386030369645, 
        "fit": "average_SEM", 
        "value": -0.02913568901421968
    }, 
    "CDD": {
        "error": 4.3149631137483906e-05, 
        "fit": "average_SEM", 
        "value": 1.295578113058582e-05
    }, 
    "H1": {
        "error": 0.12900290692677077, 
        "fit": "average_SEM", 
        "value": 0.021977964900967588
    }, 
    "H2": {
        "error": 0.1213473016485089, 
        "fit": "average_SEM", 
        "value": -0.3678965325467288
    }, 
    "L1": {
        "error": 0.14354439615821357, 
        "fit": "average_SEM", 
        "value": -0.06082237542044216
    }, 
    "L2": {
        "error": 0.13991482026832416, 
        "fit": "average_SEM", 
        "value": -0.11309980051689004
    }
}