{
    "AX": {
        "error": 0.06666273219827874, 
        "fit": "average_SEM", 
        "value": -0.0045775975721577804
    }, 
    "CDD": {
        "error": 3.402583532384325e-05, 
        "fit": "average_SEM", 
        "value": 7.773468678351491e-06
    }, 
    "H1": {
        "error": 0.1277752609122038, 
        "fit": "average_SEM", 
        "value": 0.019688075237111965
    }, 
    "H2": {
        "error": 0.14558866390775516, 
        "fit": "average_SEM", 
        "value": 0.18909453068044968
    }, 
    "L1": {
        "error": 0.1306789882549945, 
        "fit": "average_SEM", 
        "value": -0.06549101715694026
    }, 
    "L2": {
        "error": 0.13051173618003462, 
        "fit": "average_SEM", 
        "value": -0.014139443450646164
    }
}