{
    "AX": {
        "error": 0.06470399925491814, 
        "fit": "average_SEM", 
        "value": -0.057754475363374996
    }, 
    "CDD": {
        "error": 3.119713176935617e-05, 
        "fit": "average_SEM", 
        "value": 6.47789056529291e-06
    }, 
    "H1": {
        "error": 0.11962090126562773, 
        "fit": "average_SEM", 
        "value": 0.05639631232964651
    }, 
    "H2": {
        "error": 0.13598449043508198, 
        "fit": "average_SEM", 
        "value": -0.0889277233412334
    }, 
    "L1": {
        "error": 0.15043445077852022, 
        "fit": "average_SEM", 
        "value": -0.07620727436054343
    }, 
    "L2": {
        "error": 0.1325784093922191, 
        "fit": "average_SEM", 
        "value": 0.019758605884878003
    }
}