{
    "CDD": {
        "error": 0.00148638046603611, 
        "fit": "average_SEM", 
        "value": 0.015382845792919398
    }, 
    "H1": {
        "error": 0.7700984442061554, 
        "fit": "average_SEM", 
        "value": 22.357418293423123
    }, 
    "H2": {
        "error": 0.11385651575801142, 
        "fit": "average_SEM", 
        "value": 0.18944259397168126
    }, 
    "L1": {
        "error": 0.15316398319145713, 
        "fit": "average_SEM", 
        "value": -0.13336385196178324
    }, 
    "L2": {
        "error": 0.13885857597710885, 
        "fit": "average_SEM", 
        "value": -0.10737508182129306
    }
}