{
    "AX": {
        "error": 0.05632618232789122, 
        "fit": "average_SEM", 
        "value": -0.0015767108998564557
    }, 
    "CDD": {
        "error": 3.402583532384325e-05, 
        "fit": "average_SEM", 
        "value": 7.773468678351491e-06
    }, 
    "H1": {
        "error": 0.1248184392788474, 
        "fit": "average_SEM", 
        "value": 0.011212381480436306
    }, 
    "H2": {
        "error": 0.14149957174462469, 
        "fit": "average_SEM", 
        "value": -0.07999460548550512
    }, 
    "L1": {
        "error": 0.12497985343412445, 
        "fit": "average_SEM", 
        "value": -0.05862603643260324
    }, 
    "L2": {
        "error": 0.14923346132216367, 
        "fit": "average_SEM", 
        "value": -0.016744197705217328
    }
}