{
    "AX": {
        "error": 0.06099279461221587, 
        "fit": "average_SEM", 
        "value": -0.006671886798964503
    }, 
    "CDD": {
        "error": 2.802462017628634e-05, 
        "fit": "average_SEM", 
        "value": 5.182312452234328e-06
    }, 
    "H1": {
        "error": 0.12127243095567604, 
        "fit": "average_SEM", 
        "value": -0.01280853606585879
    }, 
    "H2": {
        "error": 0.13727841411516123, 
        "fit": "average_SEM", 
        "value": -0.106503694258087
    }, 
    "L1": {
        "error": 0.12212812213202201, 
        "fit": "average_SEM", 
        "value": -0.07988663264695788
    }, 
    "L2": {
        "error": 0.12997499354750103, 
        "fit": "average_SEM", 
        "value": -0.06422827005735599
    }
}