{
    "CDD": {
        "error": 4.436740172202586e-05, 
        "fit": "average_SEM", 
        "value": 1.3819499872624875e-05
    }, 
    "H1": {
        "error": 0.12746433917701006, 
        "fit": "average_SEM", 
        "value": -0.00011661945221324762
    }, 
    "H2": {
        "error": 0.12312616965380717, 
        "fit": "average_SEM", 
        "value": 0.24364528314003514
    }, 
    "L1": {
        "error": 0.15047709641881069, 
        "fit": "average_SEM", 
        "value": -0.04582393669212858
    }, 
    "L2": {
        "error": 0.15113055148303495, 
        "fit": "average_SEM", 
        "value": -0.0236439875081285
    }
}