{
    "CDD": {
        "error": 3.5711372458756305e-05, 
        "fit": "average_SEM", 
        "value": 8.637187420390546e-06
    }, 
    "H1": {
        "error": 0.12363750213569837, 
        "fit": "average_SEM", 
        "value": 0.020049841831334764
    }, 
    "H2": {
        "error": 0.11671503782584407, 
        "fit": "average_SEM", 
        "value": 0.2213679930816094
    }, 
    "L1": {
        "error": 0.13877663655916875, 
        "fit": "average_SEM", 
        "value": -0.07109223308766054
    }, 
    "L2": {
        "error": 0.14818700011363808, 
        "fit": "average_SEM", 
        "value": -0.06262862282908625
    }
}