{
    "AX": {
        "error": 0.05579378202904886, 
        "fit": "average_SEM", 
        "value": 0.0010974354825824169
    }, 
    "CDD": {
        "error": 4.3149631137483906e-05, 
        "fit": "average_SEM", 
        "value": 1.295578113058582e-05
    }, 
    "H1": {
        "error": 0.11578096973787626, 
        "fit": "average_SEM", 
        "value": 0.025848719894808407
    }, 
    "H2": {
        "error": 0.12020616381594186, 
        "fit": "average_SEM", 
        "value": -0.0911957015642353
    }, 
    "L1": {
        "error": 0.13007317229337184, 
        "fit": "average_SEM", 
        "value": -0.053454837253472456
    }, 
    "L2": {
        "error": 0.1512983813747906, 
        "fit": "average_SEM", 
        "value": -0.015368468985737611
    }
}