{
    "AX": {
        "error": 0.0595441297224014, 
        "fit": "average_SEM", 
        "value": 0.0003420654994746049
    }, 
    "CDD": {
        "error": 3.119713176935617e-05, 
        "fit": "average_SEM", 
        "value": 6.47789056529291e-06
    }, 
    "H1": {
        "error": 0.11429819805761261, 
        "fit": "average_SEM", 
        "value": 0.012206708181959887
    }, 
    "H2": {
        "error": 0.14562169698199093, 
        "fit": "average_SEM", 
        "value": -0.07164485892474962
    }, 
    "L1": {
        "error": 0.12360532326468193, 
        "fit": "average_SEM", 
        "value": -0.044128059793729336
    }, 
    "L2": {
        "error": 0.1325911222876803, 
        "fit": "average_SEM", 
        "value": -0.007674317222699756
    }
}