{
    "AX": {
        "error": 0.06543755755480939, 
        "fit": "average_SEM", 
        "value": -0.01066051902610828
    }, 
    "CDD": {
        "error": 2.4374420724540924e-05, 
        "fit": "average_SEM", 
        "value": 3.8867343391757455e-06
    }, 
    "H1": {
        "error": 0.1305640724815641, 
        "fit": "average_SEM", 
        "value": 0.02903278539646029
    }, 
    "H2": {
        "error": 0.13034188426792628, 
        "fit": "average_SEM", 
        "value": 0.19715378370601683
    }, 
    "L1": {
        "error": 0.13297075430295585, 
        "fit": "average_SEM", 
        "value": -0.0565375674457755
    }, 
    "L2": {
        "error": 0.13888419355366147, 
        "fit": "average_SEM", 
        "value": -0.012093158930353336
    }
}