{
    "AX": {
        "error": 0.06192967422344505, 
        "fit": "average_SEM", 
        "value": -0.0018223750113975257
    }, 
    "CDD": {
        "error": 4.1120983104555126e-05, 
        "fit": "average_SEM", 
        "value": 1.1660203017527238e-05
    }, 
    "H1": {
        "error": 0.12715773681184986, 
        "fit": "average_SEM", 
        "value": -0.009540026671311352
    }, 
    "H2": {
        "error": 0.117555063652054, 
        "fit": "average_SEM", 
        "value": 0.1780943818235149
    }, 
    "L1": {
        "error": 0.1276334995580839, 
        "fit": "average_SEM", 
        "value": -0.07535474124112322
    }, 
    "L2": {
        "error": 0.1379534929655633, 
        "fit": "average_SEM", 
        "value": -0.021856677260802825
    }
}