{
    "AX": {
        "error": 0.05882161649506093, 
        "fit": "average_SEM", 
        "value": -0.0011399320714796583
    }, 
    "CDD": {
        "error": 2.4374420724540927e-05, 
        "fit": "average_SEM", 
        "value": 3.8867343391757455e-06
    }, 
    "H1": {
        "error": 0.12049046534047989, 
        "fit": "average_SEM", 
        "value": 0.011205405024520587
    }, 
    "H2": {
        "error": 0.13173473793810647, 
        "fit": "average_SEM", 
        "value": -0.08910323454280539
    }, 
    "L1": {
        "error": 0.11890684450008156, 
        "fit": "average_SEM", 
        "value": -0.07749640454324738
    }, 
    "L2": {
        "error": 0.1387235942545875, 
        "fit": "average_SEM", 
        "value": -0.016464616271938817
    }
}