{
    "CDD": {
        "error": 3.2128562710148566e-05, 
        "fit": "average_SEM", 
        "value": 6.909749936312437e-06
    }, 
    "H1": {
        "error": 0.11260424899274475, 
        "fit": "average_SEM", 
        "value": 0.014946861259846223
    }, 
    "H2": {
        "error": 0.1345770280204877, 
        "fit": "average_SEM", 
        "value": -0.034383376134792344
    }, 
    "L1": {
        "error": 0.1335998464793983, 
        "fit": "average_SEM", 
        "value": -0.056548029143596065
    }, 
    "L2": {
        "error": 0.12205364414965322, 
        "fit": "average_SEM", 
        "value": -0.04887343920353386
    }
}