{
    "CDD": {
        "error": 2.7985452274299806e-05, 
        "fit": "average_SEM", 
        "value": 5.182312452234328e-06
    }, 
    "H1": {
        "error": 0.14926374179037039, 
        "fit": "average_SEM", 
        "value": 0.002817040486358261
    }, 
    "H2": {
        "error": 0.13486403274323502, 
        "fit": "average_SEM", 
        "value": -0.01658675238593585
    }, 
    "L1": {
        "error": 0.12101576820814393, 
        "fit": "average_SEM", 
        "value": -0.10185059615307385
    }, 
    "L2": {
        "error": 0.13266134944413088, 
        "fit": "average_SEM", 
        "value": -0.05035727650651501
    }
}