{
    "AX": {
        "error": 0.05930180450106119, 
        "fit": "average_SEM", 
        "value": 0.005711561444331892
    }, 
    "CDD": {
        "error": 2.4374420724540924e-05, 
        "fit": "average_SEM", 
        "value": 3.8867343391757455e-06
    }, 
    "H1": {
        "error": 0.13800386292459219, 
        "fit": "average_SEM", 
        "value": 0.11253540899779182
    }, 
    "H2": {
        "error": 0.12354134786087834, 
        "fit": "average_SEM", 
        "value": 0.16004020779704053
    }, 
    "L1": {
        "error": 0.1209422086960363, 
        "fit": "average_SEM", 
        "value": -0.06630757797393017
    }, 
    "L2": {
        "error": 0.13254519827520864, 
        "fit": "average_SEM", 
        "value": -0.04419622103256794
    }
}