{
    "AX": {
        "error": 0.06559170618042205, 
        "fit": "average_SEM", 
        "value": -0.049374237327939836
    }, 
    "CDD": {
        "error": 4.935272554181255e-05, 
        "fit": "average_SEM", 
        "value": 1.42513592436444e-05
    }, 
    "H1": {
        "error": 0.1299426548677201, 
        "fit": "average_SEM", 
        "value": 0.05393468073646848
    }, 
    "H2": {
        "error": 0.13577426535292017, 
        "fit": "average_SEM", 
        "value": -0.11360887265376125
    }, 
    "L1": {
        "error": 0.13488613698472707, 
        "fit": "average_SEM", 
        "value": -0.0871248748061286
    }, 
    "L2": {
        "error": 0.1352326266524631, 
        "fit": "average_SEM", 
        "value": 0.01717736801583669
    }
}