{
    "AX": {
        "error": 0.05269050159027825, 
        "fit": "average_SEM", 
        "value": -0.00034084052919448974
    }, 
    "CDD": {
        "error": 4.1120983104555126e-05, 
        "fit": "average_SEM", 
        "value": 1.1660203017527238e-05
    }, 
    "H1": {
        "error": 0.1323521744581166, 
        "fit": "average_SEM", 
        "value": 0.014202546433079988
    }, 
    "H2": {
        "error": 0.13193453939403055, 
        "fit": "average_SEM", 
        "value": -0.07424327399142688
    }, 
    "L1": {
        "error": 0.12582443897179718, 
        "fit": "average_SEM", 
        "value": -0.058437407661404
    }, 
    "L2": {
        "error": 0.14659550044306896, 
        "fit": "average_SEM", 
        "value": -0.03577373969019391
    }
}