{
    "AX": {
        "error": 0.05609213179824257, 
        "fit": "average_SEM", 
        "value": -0.06026084628732254
    }, 
    "CDD": {
        "error": 1.9986499931954458e-05, 
        "fit": "average_SEM", 
        "value": 2.591156226117164e-06
    }, 
    "H1": {
        "error": 0.11004843079925167, 
        "fit": "average_SEM", 
        "value": -0.005242203896098848
    }, 
    "H2": {
        "error": 0.14452019576452405, 
        "fit": "average_SEM", 
        "value": -0.3629884703977344
    }, 
    "L1": {
        "error": 0.15733738422815058, 
        "fit": "average_SEM", 
        "value": -0.08665852259800885
    }, 
    "L2": {
        "error": 0.13149745639659205, 
        "fit": "average_SEM", 
        "value": -0.017352268737158737
    }
}