{
    "AX": {
        "error": 0.06195899551118292, 
        "fit": "average_SEM", 
        "value": -0.061416669924316616
    }, 
    "CDD": {
        "error": 2.802462017628634e-05, 
        "fit": "average_SEM", 
        "value": 5.182312452234328e-06
    }, 
    "H1": {
        "error": 0.11934453016104757, 
        "fit": "average_SEM", 
        "value": -0.006580482667050092
    }, 
    "H2": {
        "error": 0.13259375752202446, 
        "fit": "average_SEM", 
        "value": -0.36161771822565547
    }, 
    "L1": {
        "error": 0.1602446676004764, 
        "fit": "average_SEM", 
        "value": -0.07870365307511142
    }, 
    "L2": {
        "error": 0.14160006604877118, 
        "fit": "average_SEM", 
        "value": -0.0035880345438878674
    }
}