{
    "CDD": {
        "error": 5.008586919973204e-05, 
        "fit": "average_SEM", 
        "value": 1.3819499872624875e-05
    }, 
    "H1": {
        "error": 0.13743811857106547, 
        "fit": "average_SEM", 
        "value": -0.01691860465798527
    }, 
    "H2": {
        "error": 0.11744582801277788, 
        "fit": "average_SEM", 
        "value": -0.06001115473983292
    }, 
    "L1": {
        "error": 0.15668580368456927, 
        "fit": "average_SEM", 
        "value": -0.11385665176591525
    }, 
    "L2": {
        "error": 0.1446556317601765, 
        "fit": "average_SEM", 
        "value": -0.12965112038784557
    }
}