{
    "AX": {
        "error": 0.054335730666198796, 
        "fit": "average_SEM", 
        "value": -0.03622211539768614
    }, 
    "CDD": {
        "error": 4.1120983104555126e-05, 
        "fit": "average_SEM", 
        "value": 1.1660203017527238e-05
    }, 
    "H1": {
        "error": 0.1291300532432414, 
        "fit": "average_SEM", 
        "value": 0.037306956644169983
    }, 
    "H2": {
        "error": 0.1652962155466925, 
        "fit": "average_SEM", 
        "value": -0.3467556027540316
    }, 
    "L1": {
        "error": 0.12605000238814765, 
        "fit": "average_SEM", 
        "value": -0.07217506032708722
    }, 
    "L2": {
        "error": 0.13731878140865977, 
        "fit": "average_SEM", 
        "value": -0.07644307229008215
    }
}