{
    "AX": {
        "error": 0.062319885984954575, 
        "fit": "average_SEM", 
        "value": -0.03836643514902486
    }, 
    "CDD": {
        "error": 1.4192347150643281e-05, 
        "fit": "average_SEM", 
        "value": 1.295578113058582e-06
    }, 
    "H1": {
        "error": 0.12869982109920447, 
        "fit": "average_SEM", 
        "value": 0.022063153705676086
    }, 
    "H2": {
        "error": 0.15336932817336524, 
        "fit": "average_SEM", 
        "value": -0.3518067550146952
    }, 
    "L1": {
        "error": 0.1343517381942202, 
        "fit": "average_SEM", 
        "value": -0.07713986602999891
    }, 
    "L2": {
        "error": 0.13383430160984267, 
        "fit": "average_SEM", 
        "value": -0.0880723201828611
    }
}