{
    "AX": {
        "error": 0.060958753729427426, 
        "fit": "average_SEM", 
        "value": -1.881878561107442e-05
    }, 
    "CDD": {
        "error": 3.65905541441681e-05, 
        "fit": "average_SEM", 
        "value": 9.069046791410074e-06
    }, 
    "H1": {
        "error": 0.12288824911364463, 
        "fit": "average_SEM", 
        "value": 0.017231770697981118
    }, 
    "H2": {
        "error": 0.1473171629115179, 
        "fit": "average_SEM", 
        "value": -0.07125847670443666
    }, 
    "L1": {
        "error": 0.1238004204639349, 
        "fit": "average_SEM", 
        "value": -0.04305518503436664
    }, 
    "L2": {
        "error": 0.13359715157847407, 
        "fit": "average_SEM", 
        "value": 0.0008677403394055243
    }
}