{
    "AX": {
        "error": 0.05421429889847618, 
        "fit": "average_SEM", 
        "value": 0.0015967980816235972
    }, 
    "CDD": {
        "error": 3.2128562710148566e-05, 
        "fit": "average_SEM", 
        "value": 6.909749936312437e-06
    }, 
    "H1": {
        "error": 0.12634466497030034, 
        "fit": "average_SEM", 
        "value": 0.006857229241157054
    }, 
    "H2": {
        "error": 0.12187210832134442, 
        "fit": "average_SEM", 
        "value": -0.03326213834766855
    }, 
    "L1": {
        "error": 0.1541862617816499, 
        "fit": "average_SEM", 
        "value": -0.0826570228039701
    }, 
    "L2": {
        "error": 0.12429035307612965, 
        "fit": "average_SEM", 
        "value": -0.0754225815272447
    }
}