{
    "AX": {
        "error": 0.056446862477447214, 
        "fit": "average_SEM", 
        "value": -0.002530924804401972
    }, 
    "CDD": {
        "error": 4.579482440770552e-05, 
        "fit": "average_SEM", 
        "value": 1.1660203017527238e-05
    }, 
    "H1": {
        "error": 0.1265264115039064, 
        "fit": "average_SEM", 
        "value": 0.007154970882402268
    }, 
    "H2": {
        "error": 0.11492899789911706, 
        "fit": "average_SEM", 
        "value": 0.16716880718013272
    }, 
    "L1": {
        "error": 0.1202860898798313, 
        "fit": "average_SEM", 
        "value": -0.06129648204660043
    }, 
    "L2": {
        "error": 0.12745798513126042, 
        "fit": "average_SEM", 
        "value": -0.028767927770483464
    }
}