{
    "AX": {
        "error": 0.0546567925832072, 
        "fit": "average_SEM", 
        "value": 0.0031420227600998866
    }, 
    "CDD": {
        "error": 2.802462017628634e-05, 
        "fit": "average_SEM", 
        "value": 5.182312452234328e-06
    }, 
    "H1": {
        "error": 0.12221411708722275, 
        "fit": "average_SEM", 
        "value": -0.0028544766556782026
    }, 
    "H2": {
        "error": 0.13851739930180834, 
        "fit": "average_SEM", 
        "value": -0.10625760965437318
    }, 
    "L1": {
        "error": 0.11430527036324804, 
        "fit": "average_SEM", 
        "value": -0.10428902512552062
    }, 
    "L2": {
        "error": 0.13844984149274067, 
        "fit": "average_SEM", 
        "value": -0.05828262410068419
    }
}