{
    "AX": {
        "error": 0.054159218042524764, 
        "fit": "average_SEM", 
        "value": -0.00648251118788418
    }, 
    "CDD": {
        "error": 3.402583532384326e-05, 
        "fit": "average_SEM", 
        "value": 7.773468678351491e-06
    }, 
    "H1": {
        "error": 0.1349576817523207, 
        "fit": "average_SEM", 
        "value": -0.002494950483075324
    }, 
    "H2": {
        "error": 0.1377968812571719, 
        "fit": "average_SEM", 
        "value": -0.0927908285705295
    }, 
    "L1": {
        "error": 0.13183802699752964, 
        "fit": "average_SEM", 
        "value": -0.05379970702536715
    }, 
    "L2": {
        "error": 0.14367006197938478, 
        "fit": "average_SEM", 
        "value": -0.03410950699296033
    }
}