{
    "AX": {
        "error": 0.06298144148162452, 
        "fit": "average_SEM", 
        "value": -0.0017448117403849512
    }, 
    "CDD": {
        "error": 3.402583532384326e-05, 
        "fit": "average_SEM", 
        "value": 7.773468678351491e-06
    }, 
    "H1": {
        "error": 0.13731429573914364, 
        "fit": "average_SEM", 
        "value": -0.02034516871062806
    }, 
    "H2": {
        "error": 0.1197467891863327, 
        "fit": "average_SEM", 
        "value": -0.09365296610048972
    }, 
    "L1": {
        "error": 0.12774119141351412, 
        "fit": "average_SEM", 
        "value": -0.06629349649726161
    }, 
    "L2": {
        "error": 0.1247003320221733, 
        "fit": "average_SEM", 
        "value": -0.06342174581871708
    }
}