{
    "AX": {
        "error": 0.059765897640039416, 
        "fit": "average_SEM", 
        "value": -0.001751628186320886
    }, 
    "CDD": {
        "error": 3.014075676103499e-05, 
        "fit": "average_SEM", 
        "value": 6.046031194273382e-06
    }, 
    "H1": {
        "error": 0.12278059140677036, 
        "fit": "average_SEM", 
        "value": 0.026123734006412432
    }, 
    "H2": {
        "error": 0.12357822420028898, 
        "fit": "average_SEM", 
        "value": 0.23218385287974444
    }, 
    "L1": {
        "error": 0.12649149915920757, 
        "fit": "average_SEM", 
        "value": -0.08369915114340579
    }, 
    "L2": {
        "error": 0.13516163873800766, 
        "fit": "average_SEM", 
        "value": -0.03129211011239224
    }
}