{
    "AX": {
        "error": 0.0602667384126133, 
        "fit": "average_SEM", 
        "value": -0.004127242183151086
    }, 
    "CDD": {
        "error": 1.9958566305540816e-05, 
        "fit": "average_SEM", 
        "value": 2.591156226117164e-06
    }, 
    "H1": {
        "error": 0.12523022843287895, 
        "fit": "average_SEM", 
        "value": 0.017413513683358257
    }, 
    "H2": {
        "error": 0.13745813790402164, 
        "fit": "average_SEM", 
        "value": -0.03555079857792912
    }, 
    "L1": {
        "error": 0.13511716203589802, 
        "fit": "average_SEM", 
        "value": -0.07180950408478061
    }, 
    "L2": {
        "error": 0.13879770902062408, 
        "fit": "average_SEM", 
        "value": -0.04981830642694452
    }
}