{
    "AX": {
        "error": 0.05981773032499455, 
        "fit": "average_SEM", 
        "value": 0.004236776569935804
    }, 
    "CDD": {
        "error": 2.2980972878002985e-05, 
        "fit": "average_SEM", 
        "value": 3.4548749681562187e-06
    }, 
    "H1": {
        "error": 0.127373963227818, 
        "fit": "average_SEM", 
        "value": -0.020668087368054935
    }, 
    "H2": {
        "error": 0.11597572668337369, 
        "fit": "average_SEM", 
        "value": -0.06477451983179587
    }, 
    "L1": {
        "error": 0.1467575414945168, 
        "fit": "average_SEM", 
        "value": -0.10881872759847384
    }, 
    "L2": {
        "error": 0.14016548492793907, 
        "fit": "average_SEM", 
        "value": -0.11169118903473847
    }
}