{
    "AX": {
        "error": 0.05995515100126531, 
        "fit": "average_SEM", 
        "value": -0.007833973504602909
    }, 
    "CDD": {
        "error": 1.9986499931954458e-05, 
        "fit": "average_SEM", 
        "value": 2.591156226117164e-06
    }, 
    "H1": {
        "error": 0.11785764045066043, 
        "fit": "average_SEM", 
        "value": 0.07998619877519862
    }, 
    "H2": {
        "error": 0.12113112828080264, 
        "fit": "average_SEM", 
        "value": 0.16546158994800256
    }, 
    "L1": {
        "error": 0.11819413909251617, 
        "fit": "average_SEM", 
        "value": -0.08199577516449305
    }, 
    "L2": {
        "error": 0.12538377209913237, 
        "fit": "average_SEM", 
        "value": -0.054383787800907156
    }
}