{
    "Ar36": {
        "error": 0.0020050737741729593, 
        "fit": "parabolic", 
        "value": 0.020822098991339025
    }, 
    "Ar37": {
        "error": 0.13687394307782613, 
        "fit": "linear", 
        "value": -0.10710585353635424
    }, 
    "Ar38": {
        "error": 0.16021527207460892, 
        "fit": "linear", 
        "value": 0.041550651162388423
    }, 
    "Ar39": {
        "error": 0.072871509056908673, 
        "fit": "parabolic", 
        "value": 12.347925978795022
    }, 
    "Ar40": {
        "error": 0.57325951023020205, 
        "fit": "parabolic", 
        "value": 2213.3147595099394
    }, 
    "Ar41": {
        "error": 0.12619127778451458, 
        "fit": "average_SEM", 
        "value": 0.00084677464445121582
    }
}