{
    "Ar36": {
        "error": 0.003328043761573292, 
        "fit": "parabolic", 
        "value": 0.067708259570699175
    }, 
    "Ar37": {
        "error": 0.12894262478419655, 
        "fit": "linear", 
        "value": -0.10661327575712887
    }, 
    "Ar38": {
        "error": 0.15473346037935071, 
        "fit": "linear", 
        "value": -0.0056957996588719861
    }, 
    "Ar39": {
        "error": 0.071120435849278421, 
        "fit": "parabolic", 
        "value": 8.2626474331160207
    }, 
    "Ar40": {
        "error": 0.4869752818665079, 
        "fit": "parabolic", 
        "value": 1495.8901166287942
    }, 
    "Ar41": {
        "error": 0.11227883028650348, 
        "fit": "average_SEM", 
        "value": -0.035204903346166244
    }
}