{
    "Ar36": {
        "error": 0.0026717921143018129, 
        "fit": "parabolic", 
        "value": 0.037673129258847443
    }, 
    "Ar37": {
        "error": 0.13083437144013302, 
        "fit": "linear", 
        "value": -0.098522194022769904
    }, 
    "Ar38": {
        "error": 0.15287400888412084, 
        "fit": "linear", 
        "value": 0.0045059919355224277
    }, 
    "Ar39": {
        "error": 0.066899875824232263, 
        "fit": "parabolic", 
        "value": 11.099576012846361
    }, 
    "Ar40": {
        "error": 0.52621742433418406, 
        "fit": "parabolic", 
        "value": 2001.6217129616396
    }, 
    "Ar41": {
        "error": 0.11958920632284137, 
        "fit": "average_SEM", 
        "value": -0.012824997247807914
    }
}