{
    "Ar36": {
        "error": 0.0055096055844363152, 
        "fit": "parabolic", 
        "value": 0.19192744706559739
    }, 
    "Ar37": {
        "error": 0.13702985663401249, 
        "fit": "linear", 
        "value": -0.10424699646479849
    }, 
    "Ar38": {
        "error": 0.1693156964865436, 
        "fit": "linear", 
        "value": 0.05071391018810277
    }, 
    "Ar39": {
        "error": 0.063131586522007357, 
        "fit": "parabolic", 
        "value": 8.2314004887605758
    }, 
    "Ar40": {
        "error": 0.49335647699425705, 
        "fit": "parabolic", 
        "value": 1533.3636972710988
    }, 
    "Ar41": {
        "error": 0.12356144531325515, 
        "fit": "average_SEM", 
        "value": 0.24815633322155917
    }
}