{
    "Ar36": {
        "error": 0.0025921822186075602, 
        "fit": "parabolic", 
        "value": 0.03134031070820649
    }, 
    "Ar37": {
        "error": 0.13213687040159647, 
        "fit": "linear", 
        "value": -0.084924761199253518
    }, 
    "Ar38": {
        "error": 0.16263382891701139, 
        "fit": "linear", 
        "value": 0.055480668515070677
    }, 
    "Ar39": {
        "error": 0.067537459465700042, 
        "fit": "parabolic", 
        "value": 10.945596298030157
    }, 
    "Ar40": {
        "error": 0.55727775555016434, 
        "fit": "parabolic", 
        "value": 1973.1896575867638
    }, 
    "Ar41": {
        "error": 0.12496712555407391, 
        "fit": "average_SEM", 
        "value": -0.0086822295644378763
    }
}