{
    "Ar36": {
        "error": 0.0022978970064487982, 
        "fit": "parabolic", 
        "value": 0.024362156832053374
    }, 
    "Ar37": {
        "error": 0.14801853204371912, 
        "fit": "linear", 
        "value": -0.082269766250818194
    }, 
    "Ar38": {
        "error": 0.16070178111342126, 
        "fit": "linear", 
        "value": 0.054406489854870711
    }, 
    "Ar39": {
        "error": 0.07146269711879126, 
        "fit": "parabolic", 
        "value": 12.512567400441245
    }, 
    "Ar40": {
        "error": 0.61247415166614327, 
        "fit": "parabolic", 
        "value": 2251.2334304919868
    }, 
    "Ar41": {
        "error": 0.12040812333760373, 
        "fit": "average_SEM", 
        "value": -0.0011933878244599328
    }
}