{
    "Ar36": {
        "error": 0.0036173396324129066, 
        "fit": "parabolic", 
        "value": 0.074566405389166396
    }, 
    "Ar37": {
        "error": 0.13964899429675218, 
        "fit": "linear", 
        "value": -0.086937262960085609
    }, 
    "Ar38": {
        "error": 0.16623751243052351, 
        "fit": "linear", 
        "value": 0.029881059803480735
    }, 
    "Ar39": {
        "error": 0.063604663092725583, 
        "fit": "parabolic", 
        "value": 9.6789502538798011
    }, 
    "Ar40": {
        "error": 0.52010499253538423, 
        "fit": "parabolic", 
        "value": 1764.0761613944085
    }, 
    "Ar41": {
        "error": 0.12235206889520406, 
        "fit": "average_SEM", 
        "value": 0.25548809523927046
    }
}