{
    "Ar36": {
        "error": 0.0033204485930536918, 
        "fit": "parabolic", 
        "value": 0.068872754036866379
    }, 
    "Ar37": {
        "error": 0.14327114877621466, 
        "fit": "linear", 
        "value": -0.075270128118886226
    }, 
    "Ar38": {
        "error": 0.15977554557087778, 
        "fit": "linear", 
        "value": 0.059379397089876051
    }, 
    "Ar39": {
        "error": 0.062310847575432565, 
        "fit": "parabolic", 
        "value": 11.156065353098938
    }, 
    "Ar40": {
        "error": 0.51964400700630298, 
        "fit": "parabolic", 
        "value": 2028.4714485563968
    }, 
    "Ar41": {
        "error": 0.12259915654377863, 
        "fit": "average_SEM", 
        "value": 0.2686491051928897
    }
}