{
    "Ar36": {
        "error": 0.0031544073017687733, 
        "fit": "parabolic", 
        "value": 0.05264454091579189
    }, 
    "Ar37": {
        "error": 0.14301279315890866, 
        "fit": "linear", 
        "value": -0.075338698973952414
    }, 
    "Ar38": {
        "error": 0.16791553838992651, 
        "fit": "linear", 
        "value": 0.0082207021158839481
    }, 
    "Ar39": {
        "error": 0.067911466602727955, 
        "fit": "parabolic", 
        "value": 8.8422883467791031
    }, 
    "Ar40": {
        "error": 0.52264583413622945, 
        "fit": "parabolic", 
        "value": 1606.2652687326167
    }, 
    "Ar41": {
        "error": 0.12442876957813283, 
        "fit": "average_SEM", 
        "value": 0.24722343130037189
    }
}