{
    "Ar36": {
        "error": 0.0025806881997437162, 
        "fit": "parabolic", 
        "value": 0.042893845589147571
    }, 
    "Ar37": {
        "error": 0.13784407693980766, 
        "fit": "linear", 
        "value": -0.094194194796718908
    }, 
    "Ar38": {
        "error": 0.15671412903429099, 
        "fit": "linear", 
        "value": -0.095884845475348951
    }, 
    "Ar39": {
        "error": 0.058277309341333385, 
        "fit": "parabolic", 
        "value": 0.20881006910331518
    }, 
    "Ar40": {
        "error": 0.16987475459357768, 
        "fit": "parabolic", 
        "value": 49.277242887377312
    }, 
    "Ar41": {
        "error": 0.11831371195634068, 
        "fit": "average_SEM", 
        "value": 0.2090277010423415
    }
}