{
    "Ar36": {
        "error": 0.0024867083814613207, 
        "fit": "parabolic", 
        "value": 0.0367499767646529
    }, 
    "Ar37": {
        "error": 0.14365971867025357, 
        "fit": "linear", 
        "value": -0.097277946128518145
    }, 
    "Ar38": {
        "error": 0.15884160726983543, 
        "fit": "linear", 
        "value": -0.0077900479611377671
    }, 
    "Ar39": {
        "error": 0.065179329885640153, 
        "fit": "parabolic", 
        "value": 6.5688303765808342
    }, 
    "Ar40": {
        "error": 0.41259280100070855, 
        "fit": "parabolic", 
        "value": 1192.0321272664862
    }, 
    "Ar41": {
        "error": 0.12834992499435791, 
        "fit": "average_SEM", 
        "value": 0.23769588471332098
    }
}