{
    "Ar36": {
        "error": 0.0028386602981480642, 
        "fit": "parabolic", 
        "value": 0.046280825297196772
    }, 
    "Ar37": {
        "error": 0.14016248180486904, 
        "fit": "linear", 
        "value": -0.038720115897793117
    }, 
    "Ar38": {
        "error": 0.154107413001902, 
        "fit": "linear", 
        "value": 0.037659673148382471
    }, 
    "Ar39": {
        "error": 0.063030632320751664, 
        "fit": "parabolic", 
        "value": 9.5900152493418958
    }, 
    "Ar40": {
        "error": 0.50931062034254126, 
        "fit": "parabolic", 
        "value": 1726.4021893762647
    }, 
    "Ar41": {
        "error": 0.12074973820113775, 
        "fit": "average_SEM", 
        "value": 0.27962589436239793
    }
}