{
    "Ar36": {
        "error": 0.0028886105339285947, 
        "fit": "parabolic", 
        "value": 0.045273774967503136
    }, 
    "Ar37": {
        "error": 0.13675127305423973, 
        "fit": "linear", 
        "value": -0.0059611239804855404
    }, 
    "Ar38": {
        "error": 0.15786261079602287, 
        "fit": "linear", 
        "value": 0.02343742546210114
    }, 
    "Ar39": {
        "error": 0.064764575035420116, 
        "fit": "parabolic", 
        "value": 8.8894454671757259
    }, 
    "Ar40": {
        "error": 0.49828721836352824, 
        "fit": "parabolic", 
        "value": 1601.8627380238954
    }, 
    "Ar41": {
        "error": 0.12225836249538466, 
        "fit": "average_SEM", 
        "value": 0.27541355746914631
    }
}