{
    "Ar36": {
        "error": 0.0032588488762270973, 
        "fit": "parabolic", 
        "value": 0.057773826657070822
    }, 
    "Ar37": {
        "error": 0.13993564534584926, 
        "fit": "linear", 
        "value": -0.027240421366689506
    }, 
    "Ar38": {
        "error": 0.1615574137074926, 
        "fit": "linear", 
        "value": 0.1101235924193637
    }, 
    "Ar39": {
        "error": 0.070185415831677048, 
        "fit": "parabolic", 
        "value": 12.547664919485804
    }, 
    "Ar40": {
        "error": 0.58433734049083375, 
        "fit": "parabolic", 
        "value": 2264.9681303555503
    }, 
    "Ar41": {
        "error": 0.1134774485539967, 
        "fit": "average_SEM", 
        "value": 0.28929412116529418
    }
}