{
    "Ar36": {
        "error": 0.0024512140625174246, 
        "fit": "parabolic", 
        "value": 0.028828658047701704
    }, 
    "Ar37": {
        "error": 0.1362965109955657, 
        "fit": "linear", 
        "value": -0.016233413253679774
    }, 
    "Ar38": {
        "error": 0.16007964205622305, 
        "fit": "linear", 
        "value": 0.074319396626816941
    }, 
    "Ar39": {
        "error": 0.070774083404417931, 
        "fit": "parabolic", 
        "value": 9.6991894641575307
    }, 
    "Ar40": {
        "error": 0.51722008689570642, 
        "fit": "parabolic", 
        "value": 1744.8932174997753
    }, 
    "Ar41": {
        "error": 0.11479466814300499, 
        "fit": "average_SEM", 
        "value": 0.27977573302749081
    }
}