{
    "Ar36": {
        "error": 0.0018384910350005255, 
        "fit": "parabolic", 
        "value": 0.012261401456893268
    }, 
    "Ar37": {
        "error": 0.13401286387433595, 
        "fit": "linear", 
        "value": -0.0077218945842877562
    }, 
    "Ar38": {
        "error": 0.12549420963179589, 
        "fit": "linear", 
        "value": 0.026337250296758499
    }, 
    "Ar39": {
        "error": 0.06487425361423689, 
        "fit": "parabolic", 
        "value": 7.7753566920699839
    }, 
    "Ar40": {
        "error": 0.46559832707709936, 
        "fit": "parabolic", 
        "value": 1396.4388210812717
    }, 
    "Ar41": {
        "error": 0.13821449718421083, 
        "fit": "average_SEM", 
        "value": -0.035667223999480482
    }
}