{
    "Ar36": {
        "error": 0.0031096184465408093, 
        "fit": "parabolic", 
        "value": 0.067686914742799698
    }, 
    "Ar37": {
        "error": 0.12608181516574302, 
        "fit": "linear", 
        "value": 0.028842585388766603
    }, 
    "Ar38": {
        "error": 0.12822233172166256, 
        "fit": "linear", 
        "value": 0.019205021925341556
    }, 
    "Ar39": {
        "error": 0.060130543589075672, 
        "fit": "parabolic", 
        "value": 6.7520652675240491
    }, 
    "Ar40": {
        "error": 0.44571400462253313, 
        "fit": "parabolic", 
        "value": 1231.4615184959371
    }, 
    "Ar41": {
        "error": 0.14282601412681462, 
        "fit": "average_SEM", 
        "value": -0.031544551487313582
    }
}