{
    "Ar36": {
        "error": 0.0020258147871708081, 
        "fit": "parabolic", 
        "value": 0.021908837049369814
    }, 
    "Ar37": {
        "error": 0.13603758621698356, 
        "fit": "linear", 
        "value": 0.021659890132925755
    }, 
    "Ar38": {
        "error": 0.12269193803996073, 
        "fit": "linear", 
        "value": 0.036159228637281507
    }, 
    "Ar39": {
        "error": 0.061557411228740512, 
        "fit": "parabolic", 
        "value": 6.3196018835153147
    }, 
    "Ar40": {
        "error": 0.44180290872832645, 
        "fit": "parabolic", 
        "value": 1137.1406814149541
    }, 
    "Ar41": {
        "error": 0.13381092319799662, 
        "fit": "average_SEM", 
        "value": -0.041378105010808214
    }
}