{
    "Ar36": {
        "error": 0.0014935291929529691, 
        "fit": "parabolic", 
        "value": 0.0086484929414055792
    }, 
    "Ar37": {
        "error": 0.13805821056187387, 
        "fit": "linear", 
        "value": 0.0071449824582643755
    }, 
    "Ar38": {
        "error": 0.12305849390356675, 
        "fit": "linear", 
        "value": -0.0088898670479296352
    }, 
    "Ar39": {
        "error": 0.05918107618638329, 
        "fit": "parabolic", 
        "value": 4.242570472333516
    }, 
    "Ar40": {
        "error": 0.33356829887553419, 
        "fit": "parabolic", 
        "value": 761.3180295807706
    }, 
    "Ar41": {
        "error": 0.13382022644688873, 
        "fit": "average_SEM", 
        "value": -0.051509716873697473
    }
}