{
    "Ar36": {
        "error": 0.0016027669821138811, 
        "fit": "parabolic", 
        "value": 0.010721331446935227
    }, 
    "Ar37": {
        "error": 0.13983400765338644, 
        "fit": "linear", 
        "value": 0.0010670496478215
    }, 
    "Ar38": {
        "error": 0.1273607458520451, 
        "fit": "linear", 
        "value": 0.026655867443208549
    }, 
    "Ar39": {
        "error": 0.064341528426834743, 
        "fit": "parabolic", 
        "value": 8.6092413269385908
    }, 
    "Ar40": {
        "error": 0.47301146260823351, 
        "fit": "parabolic", 
        "value": 1543.2392020541442
    }, 
    "Ar41": {
        "error": 0.14715755250234905, 
        "fit": "average_SEM", 
        "value": -0.032809213418513533
    }
}