{
    "Ar36": {
        "error": 0.0016891066849316122, 
        "fit": "parabolic", 
        "value": 0.010421354697140287
    }, 
    "Ar37": {
        "error": 0.12688038871626872, 
        "fit": "linear", 
        "value": -0.0025884968673418607
    }, 
    "Ar38": {
        "error": 0.12863269345633732, 
        "fit": "linear", 
        "value": 0.066709033993129635
    }, 
    "Ar39": {
        "error": 0.063839231329747684, 
        "fit": "parabolic", 
        "value": 10.921243907187399
    }, 
    "Ar40": {
        "error": 0.52435525538574701, 
        "fit": "parabolic", 
        "value": 1969.2105000252332
    }, 
    "Ar41": {
        "error": 0.13434753672114835, 
        "fit": "average_SEM", 
        "value": -0.031760506051941778
    }
}