{
    "Ar36": {
        "error": 0.0021701599052836428, 
        "fit": "parabolic", 
        "value": 0.016533433677729262
    }, 
    "Ar37": {
        "error": 0.13435898284529532, 
        "fit": "linear", 
        "value": -0.0032968996379552046
    }, 
    "Ar38": {
        "error": 0.14879312966906971, 
        "fit": "linear", 
        "value": 0.17884449931792101
    }, 
    "Ar39": {
        "error": 0.068445946985392012, 
        "fit": "parabolic", 
        "value": 21.663212773191901
    }, 
    "Ar40": {
        "error": 0.84790017684719976, 
        "fit": "parabolic", 
        "value": 3890.2304622459028
    }, 
    "Ar41": {
        "error": 0.14226858590713612, 
        "fit": "average_SEM", 
        "value": -0.00032771069847512989
    }
}