{
    "Ar36": {
        "error": 0.0016764806950909693, 
        "fit": "parabolic", 
        "value": 0.0092246001242624331
    }, 
    "Ar37": {
        "error": 0.13819318132385108, 
        "fit": "linear", 
        "value": -0.011706268255544793
    }, 
    "Ar38": {
        "error": 0.13034508368713851, 
        "fit": "linear", 
        "value": 0.046850657288369069
    }, 
    "Ar39": {
        "error": 0.063563440032452886, 
        "fit": "parabolic", 
        "value": 9.519234236838539
    }, 
    "Ar40": {
        "error": 0.50484767156660471, 
        "fit": "parabolic", 
        "value": 1720.864062002096
    }, 
    "Ar41": {
        "error": 0.12956881843767565, 
        "fit": "average_SEM", 
        "value": -0.045279203629906985
    }
}