{
    "Ar36": {
        "error": 0.0018687369806627586, 
        "fit": "parabolic", 
        "value": 0.011588947424213888
    }, 
    "Ar37": {
        "error": 0.13382557280314941, 
        "fit": "linear", 
        "value": 0.0094541473051898989
    }, 
    "Ar38": {
        "error": 0.12707411994614942, 
        "fit": "linear", 
        "value": 0.089837680696316133
    }, 
    "Ar39": {
        "error": 0.066315015962375892, 
        "fit": "parabolic", 
        "value": 12.626923015536732
    }, 
    "Ar40": {
        "error": 0.60910750178193096, 
        "fit": "parabolic", 
        "value": 2271.7015335725969
    }, 
    "Ar41": {
        "error": 0.13602694703858401, 
        "fit": "average_SEM", 
        "value": -0.030568193151575541
    }
}