{
    "Ar36": {
        "error": 0.00099456752367419149, 
        "fit": "parabolic", 
        "value": 0.0030621273461880999
    }, 
    "Ar37": {
        "error": 0.1374799951027745, 
        "fit": "linear", 
        "value": 0.013669767541192944
    }, 
    "Ar38": {
        "error": 0.15934724773184947, 
        "fit": "linear", 
        "value": -0.098919671675782236
    }, 
    "Ar39": {
        "error": 0.059239603012352614, 
        "fit": "parabolic", 
        "value": -0.025694024977433595
    }, 
    "Ar40": {
        "error": 0.13462009104749265, 
        "fit": "parabolic", 
        "value": 0.95427441622467546
    }, 
    "Ar41": {
        "error": 0.14186687200990064, 
        "fit": "average_SEM", 
        "value": -0.36785842559016602
    }
}