{
    "Ar36": {
        "error": 0.002617860150970543, 
        "fit": "parabolic", 
        "value": 0.045787507955969781
    }, 
    "Ar37": {
        "error": 0.14383622097370907, 
        "fit": "linear", 
        "value": -0.0053395523749605704
    }, 
    "Ar38": {
        "error": 0.12702108252245525, 
        "fit": "linear", 
        "value": 0.051513062467426055
    }, 
    "Ar39": {
        "error": 0.066420809911422518, 
        "fit": "parabolic", 
        "value": 9.0287062241913425
    }, 
    "Ar40": {
        "error": 0.50459827576923089, 
        "fit": "parabolic", 
        "value": 1635.2961564167929
    }, 
    "Ar41": {
        "error": 0.13810931198608262, 
        "fit": "average_SEM", 
        "value": -0.048032103186415043
    }
}