{
    "Ar36": {
        "error": 0.0029033833854698893, 
        "fit": "parabolic", 
        "value": 0.045969217821316223
    }, 
    "Ar37": {
        "error": 0.13847708328067207, 
        "fit": "linear", 
        "value": -0.0046727103780570996
    }, 
    "Ar38": {
        "error": 0.12971167514114421, 
        "fit": "linear", 
        "value": 0.072252459769578878
    }, 
    "Ar39": {
        "error": 0.065020289201183148, 
        "fit": "parabolic", 
        "value": 11.151313153967372
    }, 
    "Ar40": {
        "error": 0.56990102871419435, 
        "fit": "parabolic", 
        "value": 2027.2864980278885
    }, 
    "Ar41": {
        "error": 0.13628586363954526, 
        "fit": "average_SEM", 
        "value": -0.037299585478322114
    }
}