{
    "Ar36": {
        "error": 0.0018609988055503352, 
        "fit": "parabolic", 
        "value": 0.013005185477020519
    }, 
    "Ar37": {
        "error": 0.13510788084612824, 
        "fit": "linear", 
        "value": -0.0067697616935997046
    }, 
    "Ar38": {
        "error": 0.1293299738310052, 
        "fit": "linear", 
        "value": 0.089243674444947046
    }, 
    "Ar39": {
        "error": 0.06712473275768556, 
        "fit": "parabolic", 
        "value": 11.972222882255796
    }, 
    "Ar40": {
        "error": 0.52479964170766957, 
        "fit": "parabolic", 
        "value": 2162.7712495335109
    }, 
    "Ar41": {
        "error": 0.13570964369858801, 
        "fit": "average_SEM", 
        "value": -0.031386746595671866
    }
}