{
    "Ar36": {
        "error": 0.0019373324484635479, 
        "fit": "parabolic", 
        "value": 0.020087194690546241
    }, 
    "Ar37": {
        "error": 0.13677661060423302, 
        "fit": "linear", 
        "value": -0.01936867972419368
    }, 
    "Ar38": {
        "error": 0.11556203795199765, 
        "fit": "linear", 
        "value": -0.0014516139429639145
    }, 
    "Ar39": {
        "error": 0.066598409193079092, 
        "fit": "parabolic", 
        "value": 7.638617653571476
    }, 
    "Ar40": {
        "error": 0.456914685731036, 
        "fit": "parabolic", 
        "value": 1386.5261903789826
    }, 
    "Ar41": {
        "error": 0.14086779750135051, 
        "fit": "average_SEM", 
        "value": -0.063290440522396241
    }
}