{
    "Ar36": {
        "error": 0.0018991609360523719, 
        "fit": "parabolic", 
        "value": 0.014591097438278317
    }, 
    "Ar37": {
        "error": 0.13247600468656173, 
        "fit": "linear", 
        "value": -0.0085247862656205788
    }, 
    "Ar38": {
        "error": 0.12781279751338628, 
        "fit": "linear", 
        "value": 0.08335357905154181
    }, 
    "Ar39": {
        "error": 0.064299478597205792, 
        "fit": "parabolic", 
        "value": 14.385035913584105
    }, 
    "Ar40": {
        "error": 0.6375426581879956, 
        "fit": "parabolic", 
        "value": 2595.7035803662866
    }, 
    "Ar41": {
        "error": 0.14299647678235708, 
        "fit": "average_SEM", 
        "value": -0.028560656761983411
    }
}