{
    "Ar36": {
        "error": 0.00227172143908917, 
        "fit": "parabolic", 
        "value": 0.024475664755457149
    }, 
    "Ar37": {
        "error": 0.13665600473245607, 
        "fit": "linear", 
        "value": -0.035708554017736371
    }, 
    "Ar38": {
        "error": 0.13708971687344676, 
        "fit": "linear", 
        "value": 0.055550099878187348
    }, 
    "Ar39": {
        "error": 0.064184937576729661, 
        "fit": "parabolic", 
        "value": 12.87711272844026
    }, 
    "Ar40": {
        "error": 0.59818629514054034, 
        "fit": "parabolic", 
        "value": 2323.2412312443598
    }, 
    "Ar41": {
        "error": 0.13183723547610013, 
        "fit": "average_SEM", 
        "value": -0.045105430042603985
    }
}