{
    "Ar36": {
        "error": 0.0022676217602871089, 
        "fit": "parabolic", 
        "value": 0.020696449104798717
    }, 
    "Ar37": {
        "error": 0.12811641493521533, 
        "fit": "linear", 
        "value": -0.038769187193592139
    }, 
    "Ar38": {
        "error": 0.12819108701397203, 
        "fit": "linear", 
        "value": 0.030980384440933054
    }, 
    "Ar39": {
        "error": 0.064803429219998473, 
        "fit": "parabolic", 
        "value": 9.6589845743965306
    }, 
    "Ar40": {
        "error": 0.51170776306692123, 
        "fit": "parabolic", 
        "value": 1741.0064375946827
    }, 
    "Ar41": {
        "error": 0.13450051816308248, 
        "fit": "average_SEM", 
        "value": -0.060006787918682677
    }
}