{
    "Ar36": {
        "error": 0.0019074763964357622, 
        "fit": "parabolic", 
        "value": 0.015394249670560457
    }, 
    "Ar37": {
        "error": 0.13144785377685358, 
        "fit": "linear", 
        "value": -0.054109598701460593
    }, 
    "Ar38": {
        "error": 0.12666326720792209, 
        "fit": "linear", 
        "value": 0.060212088404984355
    }, 
    "Ar39": {
        "error": 0.066821805227533129, 
        "fit": "parabolic", 
        "value": 12.173775636449935
    }, 
    "Ar40": {
        "error": 0.56967744659086006, 
        "fit": "parabolic", 
        "value": 2193.3228618928561
    }, 
    "Ar41": {
        "error": 0.13286350662664437, 
        "fit": "average_SEM", 
        "value": -0.051303952393609506
    }
}