{
    "Ar36": {
        "error": 0.0026791374223956413, 
        "fit": "parabolic", 
        "value": 0.042677718551827316
    }, 
    "Ar37": {
        "error": 0.14616446815572454, 
        "fit": "linear", 
        "value": -0.020158035293892221
    }, 
    "Ar38": {
        "error": 0.12198909724566807, 
        "fit": "linear", 
        "value": 0.075471331775829473
    }, 
    "Ar39": {
        "error": 0.066077969795591329, 
        "fit": "parabolic", 
        "value": 10.811892772011614
    }, 
    "Ar40": {
        "error": 0.5616156313232864, 
        "fit": "parabolic", 
        "value": 1958.7482228316371
    }, 
    "Ar41": {
        "error": 0.13122015798668787, 
        "fit": "average_SEM", 
        "value": -0.062507918293995324
    }
}