{
    "Ar36": {
        "error": 0.0019186129842983539, 
        "fit": "parabolic", 
        "value": 0.013312699359752175
    }, 
    "Ar37": {
        "error": 0.13220733515360511, 
        "fit": "linear", 
        "value": -0.050582434381770486
    }, 
    "Ar38": {
        "error": 0.13424178682667506, 
        "fit": "linear", 
        "value": 0.034311243127142996
    }, 
    "Ar39": {
        "error": 0.06204745004598413, 
        "fit": "parabolic", 
        "value": 8.9009655871854587
    }, 
    "Ar40": {
        "error": 0.50315647890618809, 
        "fit": "parabolic", 
        "value": 1606.0414767437351
    }, 
    "Ar41": {
        "error": 0.12282317254741519, 
        "fit": "average_SEM", 
        "value": -0.051824468605882433
    }
}