{
    "Ar36": {
        "error": 0.0016825661850740799, 
        "fit": "parabolic", 
        "value": 0.010614412454892155
    }, 
    "Ar37": {
        "error": 0.13745614313807902, 
        "fit": "linear", 
        "value": -0.019122188218753056
    }, 
    "Ar38": {
        "error": 0.13442711536617938, 
        "fit": "linear", 
        "value": 0.05389678806365579
    }, 
    "Ar39": {
        "error": 0.066861583954447065, 
        "fit": "parabolic", 
        "value": 11.20627181857823
    }, 
    "Ar40": {
        "error": 0.56188468890578946, 
        "fit": "parabolic", 
        "value": 2027.2007404697965
    }, 
    "Ar41": {
        "error": 0.12828329441001704, 
        "fit": "average_SEM", 
        "value": -0.0505439777567517
    }
}