{
    "Ar36": {
        "error": 0.0016211219666043787, 
        "fit": "parabolic", 
        "value": 0.0080037554663189067
    }, 
    "Ar37": {
        "error": 0.13340021387412632, 
        "fit": "linear", 
        "value": -0.013141200670034613
    }, 
    "Ar38": {
        "error": 0.13352175019504164, 
        "fit": "linear", 
        "value": 0.077731545259703577
    }, 
    "Ar39": {
        "error": 0.063455401075459231, 
        "fit": "parabolic", 
        "value": 11.504412229092752
    }, 
    "Ar40": {
        "error": 0.55599723786935507, 
        "fit": "parabolic", 
        "value": 2077.718859816855
    }, 
    "Ar41": {
        "error": 0.12854722206627497, 
        "fit": "average_SEM", 
        "value": -0.039299330975482008
    }
}