{
    "Ar36": {
        "error": 0.0019112255135384532, 
        "fit": "parabolic", 
        "value": 0.012748943515840265
    }, 
    "Ar37": {
        "error": 0.13719678368853996, 
        "fit": "linear", 
        "value": 0.0063508155434066956
    }, 
    "Ar38": {
        "error": 0.13209697607635401, 
        "fit": "linear", 
        "value": 0.073310925401755503
    }, 
    "Ar39": {
        "error": 0.063930851069816136, 
        "fit": "parabolic", 
        "value": 12.695716858134141
    }, 
    "Ar40": {
        "error": 0.5832871062316155, 
        "fit": "parabolic", 
        "value": 2298.2220083892512
    }, 
    "Ar41": {
        "error": 0.12659321872724752, 
        "fit": "average_SEM", 
        "value": -0.030623658579570473
    }
}