{
    "Ar36": {
        "error": 0.0017231385985880129, 
        "fit": "parabolic", 
        "value": 0.0091904197263112872
    }, 
    "Ar37": {
        "error": 0.14342143914070649, 
        "fit": "linear", 
        "value": -0.014273965075723
    }, 
    "Ar38": {
        "error": 0.13321963268954851, 
        "fit": "linear", 
        "value": 0.03546166850090457
    }, 
    "Ar39": {
        "error": 0.06188083979291753, 
        "fit": "parabolic", 
        "value": 8.8438684833331394
    }, 
    "Ar40": {
        "error": 0.47897295661176409, 
        "fit": "parabolic", 
        "value": 1601.6825254368209
    }, 
    "Ar41": {
        "error": 0.12030500590160027, 
        "fit": "average_SEM", 
        "value": -0.051191073139343644
    }
}