{
    "Ar36": {
        "error": 0.0014852613846689912, 
        "fit": "parabolic", 
        "value": 0.0091906025491695388
    }, 
    "Ar37": {
        "error": 0.13133758599598847, 
        "fit": "linear", 
        "value": -0.015998262438689664
    }, 
    "Ar38": {
        "error": 0.12613240063954659, 
        "fit": "linear", 
        "value": 0.014153942507950844
    }, 
    "Ar39": {
        "error": 0.058132263053998712, 
        "fit": "parabolic", 
        "value": 6.5790262219077258
    }, 
    "Ar40": {
        "error": 0.43829861355825722, 
        "fit": "parabolic", 
        "value": 1186.7839923589518
    }, 
    "Ar41": {
        "error": 0.13238451887858668, 
        "fit": "average_SEM", 
        "value": -0.061925425691297276
    }
}