{
    "Ar36": {
        "error": 0.0019470336627588124, 
        "fit": "parabolic", 
        "value": 0.016361326239543873
    }, 
    "Ar37": {
        "error": 0.13427387531587529, 
        "fit": "linear", 
        "value": -0.018508745497347302
    }, 
    "Ar38": {
        "error": 0.12441043714699875, 
        "fit": "linear", 
        "value": 0.027757776866963506
    }, 
    "Ar39": {
        "error": 0.064266914924229285, 
        "fit": "parabolic", 
        "value": 6.3339349614481808
    }, 
    "Ar40": {
        "error": 0.39888253753746222, 
        "fit": "parabolic", 
        "value": 1149.8531729541335
    }, 
    "Ar41": {
        "error": 0.12463877329196726, 
        "fit": "average_SEM", 
        "value": -0.056390563590684908
    }
}