{
    "Ar36": {
        "error": 0.0017970097276788373, 
        "fit": "parabolic", 
        "value": 0.0088870583851381919
    }, 
    "Ar37": {
        "error": 0.1346468849969599, 
        "fit": "linear", 
        "value": 0.0085932683058793161
    }, 
    "Ar38": {
        "error": 0.14030933213492075, 
        "fit": "linear", 
        "value": 0.13429427918225667
    }, 
    "Ar39": {
        "error": 0.065968311360832588, 
        "fit": "parabolic", 
        "value": 16.246119111917068
    }, 
    "Ar40": {
        "error": 0.6509245195970309, 
        "fit": "parabolic", 
        "value": 2940.7424845686414
    }, 
    "Ar41": {
        "error": 0.13183723920579948, 
        "fit": "average_SEM", 
        "value": -0.015271333241853426
    }
}