{
    "Ar36": {
        "error": 0.0025909219628394218, 
        "fit": "parabolic", 
        "value": 0.038604649382926487
    }, 
    "Ar37": {
        "error": 0.13934268504907799, 
        "fit": "linear", 
        "value": -0.023539630450068898
    }, 
    "Ar38": {
        "error": 0.12222008720913884, 
        "fit": "linear", 
        "value": -0.026759213790794122
    }, 
    "Ar39": {
        "error": 0.060408673481910376, 
        "fit": "parabolic", 
        "value": 2.9950887261801338
    }, 
    "Ar40": {
        "error": 0.31086585185457122, 
        "fit": "parabolic", 
        "value": 550.93146178764869
    }, 
    "Ar41": {
        "error": 0.13693166236420481, 
        "fit": "average_SEM", 
        "value": -0.06592251715570456
    }
}