{
    "Ar36": {
        "error": 0.0018008186010629143, 
        "fit": "parabolic", 
        "value": 0.011818063002312397
    }, 
    "Ar37": {
        "error": 0.13697497519161558, 
        "fit": "linear", 
        "value": 0.0069631543475630287
    }, 
    "Ar38": {
        "error": 0.12914457233581045, 
        "fit": "linear", 
        "value": 0.042963829234807425
    }, 
    "Ar39": {
        "error": 0.071592980579341381, 
        "fit": "parabolic", 
        "value": 9.4724811742491326
    }, 
    "Ar40": {
        "error": 0.49669489825833529, 
        "fit": "parabolic", 
        "value": 1716.7870262665901
    }, 
    "Ar41": {
        "error": 0.14242453610810757, 
        "fit": "average_SEM", 
        "value": -0.036763465550047843
    }
}