{
    "Ar36": {
        "error": 0.0025527080279815519, 
        "fit": "parabolic", 
        "value": 0.032941685198028127
    }, 
    "Ar37": {
        "error": 0.14243513741216313, 
        "fit": "linear", 
        "value": -0.020703695357978551
    }, 
    "Ar38": {
        "error": 0.1287035372584498, 
        "fit": "linear", 
        "value": 0.028616408324139492
    }, 
    "Ar39": {
        "error": 0.061518158801451145, 
        "fit": "parabolic", 
        "value": 7.5661386045484829
    }, 
    "Ar40": {
        "error": 0.45136035740337277, 
        "fit": "parabolic", 
        "value": 1381.0154005656386
    }, 
    "Ar41": {
        "error": 0.13328700550439493, 
        "fit": "average_SEM", 
        "value": -0.059542508416925558
    }
}