{
    "Ar36": {
        "error": 0.0017706130668998519, 
        "fit": "parabolic", 
        "value": 0.0084459842578880964
    }, 
    "Ar37": {
        "error": 0.13125631441103278, 
        "fit": "linear", 
        "value": -0.015884547007597977
    }, 
    "Ar38": {
        "error": 0.1262537032270323, 
        "fit": "linear", 
        "value": 0.074651452870851759
    }, 
    "Ar39": {
        "error": 0.068558438700996663, 
        "fit": "parabolic", 
        "value": 13.302673794172776
    }, 
    "Ar40": {
        "error": 0.58482630916406553, 
        "fit": "parabolic", 
        "value": 2407.5614153672796
    }, 
    "Ar41": {
        "error": 0.14168058874731251, 
        "fit": "average_SEM", 
        "value": -0.021203994192474054
    }
}