{
    "Ar36": {
        "error": 0.0015096648874533874, 
        "fit": "parabolic", 
        "value": 0.0071451983796364232
    }, 
    "Ar37": {
        "error": 0.13768005180550819, 
        "fit": "linear", 
        "value": 5.0808349238487364e-05
    }, 
    "Ar38": {
        "error": 0.11785510331943627, 
        "fit": "linear", 
        "value": 0.024850082114409745
    }, 
    "Ar39": {
        "error": 0.058378014482609646, 
        "fit": "parabolic", 
        "value": 7.0714930485178016
    }, 
    "Ar40": {
        "error": 0.4274186915575498, 
        "fit": "parabolic", 
        "value": 1281.4585772053788
    }, 
    "Ar41": {
        "error": 0.13477813960172663, 
        "fit": "average_SEM", 
        "value": -0.046811554133619211
    }
}