{
    "Ar36": {
        "error": 0.0059697705653951475, 
        "fit": "parabolic", 
        "value": 0.2305268163308849
    }, 
    "Ar37": {
        "error": 0.13701435734678816, 
        "fit": "linear", 
        "value": 0.010759289365907367
    }, 
    "Ar38": {
        "error": 0.13240506847396005, 
        "fit": "linear", 
        "value": 0.11001036411725254
    }, 
    "Ar39": {
        "error": 0.067912033478803743, 
        "fit": "parabolic", 
        "value": 11.050934090295392
    }, 
    "Ar40": {
        "error": 0.5315482686839279, 
        "fit": "parabolic", 
        "value": 2070.7077188175017
    }, 
    "Ar41": {
        "error": 0.13751604252130897, 
        "fit": "average_SEM", 
        "value": -0.032538854999693285
    }
}