{
    "Ar36": {
        "error": 0.0016388662465697968, 
        "fit": "parabolic", 
        "value": 0.006624866123684495
    }, 
    "Ar37": {
        "error": 0.13805891469480339, 
        "fit": "linear", 
        "value": -0.0097536685049192176
    }, 
    "Ar38": {
        "error": 0.12764064103689804, 
        "fit": "linear", 
        "value": 0.051388264195138159
    }, 
    "Ar39": {
        "error": 0.064094148949938617, 
        "fit": "parabolic", 
        "value": 11.500862223041024
    }, 
    "Ar40": {
        "error": 0.57775650765780329, 
        "fit": "parabolic", 
        "value": 2090.1032598979955
    }, 
    "Ar41": {
        "error": 0.1377733916226942, 
        "fit": "average_SEM", 
        "value": -0.032343535996587888
    }
}