{
    "Ar36": {
        "error": 0.0014759577308721419, 
        "fit": "parabolic", 
        "value": 0.008063153734435502
    }, 
    "Ar37": {
        "error": 0.13511342368636189, 
        "fit": "linear", 
        "value": -0.032597153379725609
    }, 
    "Ar38": {
        "error": 0.12926830888794058, 
        "fit": "linear", 
        "value": 0.0092329864237351341
    }, 
    "Ar39": {
        "error": 0.061726642448774675, 
        "fit": "parabolic", 
        "value": 7.4606237166142542
    }, 
    "Ar40": {
        "error": 0.47026850093878492, 
        "fit": "parabolic", 
        "value": 1358.8455274551061
    }, 
    "Ar41": {
        "error": 0.13905557882834593, 
        "fit": "average_SEM", 
        "value": -0.048304800784972034
    }
}