{
    "Ar36": {
        "error": 0.0016793781927976585, 
        "fit": "parabolic", 
        "value": 0.0080317465817245012
    }, 
    "Ar37": {
        "error": 0.13860602291040858, 
        "fit": "linear", 
        "value": -0.0055337024509820691
    }, 
    "Ar38": {
        "error": 0.13145265695000366, 
        "fit": "linear", 
        "value": 0.073339623880465665
    }, 
    "Ar39": {
        "error": 0.065357022033671608, 
        "fit": "parabolic", 
        "value": 11.470504016352187
    }, 
    "Ar40": {
        "error": 0.57302633858230545, 
        "fit": "parabolic", 
        "value": 2081.8941452521167
    }, 
    "Ar41": {
        "error": 0.13642213513457693, 
        "fit": "average_SEM", 
        "value": -0.040737625931506045
    }
}