{
    "Ar36": {
        "error": 0.0022248379533821722, 
        "fit": "parabolic", 
        "value": 0.022780400838663371
    }, 
    "Ar37": {
        "error": 0.13538648902154121, 
        "fit": "linear", 
        "value": -0.019175779492348562
    }, 
    "Ar38": {
        "error": 0.13408483840311122, 
        "fit": "linear", 
        "value": 0.076756793593588113
    }, 
    "Ar39": {
        "error": 0.067353938448010478, 
        "fit": "parabolic", 
        "value": 13.022264313749275
    }, 
    "Ar40": {
        "error": 0.6026794280592136, 
        "fit": "parabolic", 
        "value": 2376.6041272432421
    }, 
    "Ar41": {
        "error": 0.13640740459380568, 
        "fit": "average_SEM", 
        "value": -0.036997925785835835
    }
}