{
    "Ar36": {
        "error": 0.0017449922937377797, 
        "fit": "parabolic", 
        "value": 0.012758790634414055
    }, 
    "Ar37": {
        "error": 0.14136391557083891, 
        "fit": "linear", 
        "value": -0.0047396460552655163
    }, 
    "Ar38": {
        "error": 0.12529979142528255, 
        "fit": "linear", 
        "value": -0.002789075575080846
    }, 
    "Ar39": {
        "error": 0.065033725394341643, 
        "fit": "parabolic", 
        "value": 8.5440904575343612
    }, 
    "Ar40": {
        "error": 0.48040567457535821, 
        "fit": "parabolic", 
        "value": 1554.6057384633914
    }, 
    "Ar41": {
        "error": 0.13741585743957402, 
        "fit": "average_SEM", 
        "value": -0.05544962133630179
    }
}