{
    "Ar36": {
        "error": 0.0015360675786713653, 
        "fit": "parabolic", 
        "value": 0.0074268795418501576
    }, 
    "Ar37": {
        "error": 0.13611596897351916, 
        "fit": "linear", 
        "value": -0.0039423190381398347
    }, 
    "Ar38": {
        "error": 0.11663497795708282, 
        "fit": "linear", 
        "value": -0.014904240245098907
    }, 
    "Ar39": {
        "error": 0.061486474694731195, 
        "fit": "parabolic", 
        "value": 6.6885125759712221
    }, 
    "Ar40": {
        "error": 0.41728540077396087, 
        "fit": "parabolic", 
        "value": 1214.9949024324619
    }, 
    "Ar41": {
        "error": 0.13737495266880331, 
        "fit": "average_SEM", 
        "value": -0.063539962441573158
    }
}