{
    "Ar36": {
        "error": 0.0021385694794254151, 
        "fit": "parabolic", 
        "value": 0.023843940323306105
    }, 
    "Ar37": {
        "error": 0.13721642344750104, 
        "fit": "linear", 
        "value": -0.0056911380692867527
    }, 
    "Ar38": {
        "error": 0.13022234238970476, 
        "fit": "linear", 
        "value": 0.035922956791982409
    }, 
    "Ar39": {
        "error": 0.063088253819665596, 
        "fit": "parabolic", 
        "value": 10.076501128352177
    }, 
    "Ar40": {
        "error": 0.52755803204643603, 
        "fit": "parabolic", 
        "value": 1837.8058092456713
    }, 
    "Ar41": {
        "error": 0.13390633615812431, 
        "fit": "average_SEM", 
        "value": -0.051297824971134103
    }
}