{
    "Ar36": {
        "error": 0.0014956310770609859, 
        "fit": "parabolic", 
        "value": 0.0090567600197244639
    }, 
    "Ar37": {
        "error": 0.14108087995108731, 
        "fit": "linear", 
        "value": -0.01557565334822919
    }, 
    "Ar38": {
        "error": 0.12344735772582448, 
        "fit": "linear", 
        "value": -0.059021107320194457
    }, 
    "Ar39": {
        "error": 0.058493255916078159, 
        "fit": "parabolic", 
        "value": 0.9878994875135062
    }, 
    "Ar40": {
        "error": 0.20940344499557564, 
        "fit": "parabolic", 
        "value": 180.84792850292143
    }, 
    "Ar41": {
        "error": 0.13741185372065273, 
        "fit": "average_SEM", 
        "value": -0.08892199035588419
    }
}