{
    "Ar36": {
        "error": 0.0018286684701586168, 
        "fit": "parabolic", 
        "value": 0.016097405648085553
    }, 
    "Ar37": {
        "error": 0.13669141199892126, 
        "fit": "linear", 
        "value": -0.033120356700711659
    }, 
    "Ar38": {
        "error": 0.12725470759624333, 
        "fit": "linear", 
        "value": -0.00079500718696690813
    }, 
    "Ar39": {
        "error": 0.064199763717335837, 
        "fit": "parabolic", 
        "value": 6.4017861664039009
    }, 
    "Ar40": {
        "error": 0.40918396747310365, 
        "fit": "parabolic", 
        "value": 1160.1713765510917
    }, 
    "Ar41": {
        "error": 0.13587831585721796, 
        "fit": "average_SEM", 
        "value": -0.068696510657464391
    }
}