{
    "Ar36": {
        "error": 0.0015883181278661281, 
        "fit": "parabolic", 
        "value": 0.0079974484616845351
    }, 
    "Ar37": {
        "error": 0.13331787920215929, 
        "fit": "linear", 
        "value": -0.038093449245958477
    }, 
    "Ar38": {
        "error": 0.13649962650439945, 
        "fit": "linear", 
        "value": 0.06482550488545652
    }, 
    "Ar39": {
        "error": 0.067915077656541381, 
        "fit": "parabolic", 
        "value": 10.219215539330101
    }, 
    "Ar40": {
        "error": 0.5268961978116673, 
        "fit": "parabolic", 
        "value": 1855.5924754099058
    }, 
    "Ar41": {
        "error": 0.13043457688283802, 
        "fit": "average_SEM", 
        "value": -0.059216434873233081
    }
}