{
    "Ar36": {
        "error": 0.0014415925182142417, 
        "fit": "parabolic", 
        "value": 0.0069155832396848426
    }, 
    "Ar37": {
        "error": 0.13526908043222169, 
        "fit": "linear", 
        "value": -0.0477566993267695
    }, 
    "Ar38": {
        "error": 0.12766469481621312, 
        "fit": "linear", 
        "value": 0.0027683072211617888
    }, 
    "Ar39": {
        "error": 0.067664759159524301, 
        "fit": "parabolic", 
        "value": 8.2887232261538912
    }, 
    "Ar40": {
        "error": 0.4706361705845844, 
        "fit": "parabolic", 
        "value": 1504.6376680896014
    }, 
    "Ar41": {
        "error": 0.13287754972683158, 
        "fit": "average_SEM", 
        "value": -0.059645992313162421
    }
}