{
    "Ar36": {
        "error": 0.0015958999604934931, 
        "fit": "parabolic", 
        "value": 0.0084536517174157617
    }, 
    "Ar37": {
        "error": 0.13705761328921034, 
        "fit": "linear", 
        "value": -0.069067052893374739
    }, 
    "Ar38": {
        "error": 0.12118624276843411, 
        "fit": "linear", 
        "value": 0.010503376362344821
    }, 
    "Ar39": {
        "error": 0.06032942448969468, 
        "fit": "parabolic", 
        "value": 7.1020210215645125
    }, 
    "Ar40": {
        "error": 0.45633558095370513, 
        "fit": "parabolic", 
        "value": 1419.9300089224637
    }, 
    "Ar41": {
        "error": 0.12607937947883499, 
        "fit": "average_SEM", 
        "value": -0.071284031151444646
    }
}