{
    "Ar36": {
        "error": 0.0017119876737684589, 
        "fit": "parabolic", 
        "value": 0.0077327013811854884
    }, 
    "Ar37": {
        "error": 0.1306593419517745, 
        "fit": "linear", 
        "value": -0.025059740048044923
    }, 
    "Ar38": {
        "error": 0.13942715220887728, 
        "fit": "linear", 
        "value": 0.055443815948965025
    }, 
    "Ar39": {
        "error": 0.065752077197684222, 
        "fit": "parabolic", 
        "value": 10.180273350051662
    }, 
    "Ar40": {
        "error": 0.53840976446963917, 
        "fit": "parabolic", 
        "value": 1856.6328572777638
    }, 
    "Ar41": {
        "error": 0.13430065878056471, 
        "fit": "average_SEM", 
        "value": 0.21441204209171702
    }
}