{
    "Ar36": {
        "error": 0.0017728707831778784, 
        "fit": "parabolic", 
        "value": 0.011687915586291418
    }, 
    "Ar37": {
        "error": 0.13474503367714341, 
        "fit": "linear", 
        "value": -0.066250901869018067
    }, 
    "Ar38": {
        "error": 0.13508762467193666, 
        "fit": "linear", 
        "value": 0.073330605380824324
    }, 
    "Ar39": {
        "error": 0.061954721900714903, 
        "fit": "parabolic", 
        "value": 10.500868559353464
    }, 
    "Ar40": {
        "error": 0.52801909966876115, 
        "fit": "parabolic", 
        "value": 1911.2588788947683
    }, 
    "Ar41": {
        "error": 0.14878717600001728, 
        "fit": "average_SEM", 
        "value": 0.18253293624191427
    }
}