{
    "Ar36": {
        "error": 0.0018648012478952171, 
        "fit": "parabolic", 
        "value": 0.0097431920190896165
    }, 
    "Ar37": {
        "error": 0.1321269286755124, 
        "fit": "linear", 
        "value": -0.034390479198518453
    }, 
    "Ar38": {
        "error": 0.12370820907952397, 
        "fit": "linear", 
        "value": 0.043571438861426684
    }, 
    "Ar39": {
        "error": 0.067856407409028416, 
        "fit": "parabolic", 
        "value": 11.206971282932816
    }, 
    "Ar40": {
        "error": 0.56858832786646252, 
        "fit": "parabolic", 
        "value": 2041.263645661872
    }, 
    "Ar41": {
        "error": 0.12259652439253316, 
        "fit": "average_SEM", 
        "value": 0.2042696163940127
    }
}