{
    "Ar36": {
        "error": 0.0017897781913880299, 
        "fit": "parabolic", 
        "value": 0.0086684861064166736
    }, 
    "Ar37": {
        "error": 0.13759930446932186, 
        "fit": "linear", 
        "value": -0.030479287608596486
    }, 
    "Ar38": {
        "error": 0.14738500615504724, 
        "fit": "linear", 
        "value": 0.070466518588936045
    }, 
    "Ar39": {
        "error": 0.070113376180625644, 
        "fit": "parabolic", 
        "value": 13.555413143811123
    }, 
    "Ar40": {
        "error": 0.63776237296556593, 
        "fit": "parabolic", 
        "value": 2463.1305370983091
    }, 
    "Ar41": {
        "error": 0.1267394579866512, 
        "fit": "average_SEM", 
        "value": 0.22478545258636587
    }
}