{
    "Ar36": {
        "error": 0.0016232606989881487, 
        "fit": "parabolic", 
        "value": 0.0097738700310229555
    }, 
    "Ar37": {
        "error": 0.13531876119205144, 
        "fit": "linear", 
        "value": -0.028859949998888593
    }, 
    "Ar38": {
        "error": 0.13583056358510243, 
        "fit": "linear", 
        "value": 0.022054674147929981
    }, 
    "Ar39": {
        "error": 0.063402325619810199, 
        "fit": "parabolic", 
        "value": 9.090553527211469
    }, 
    "Ar40": {
        "error": 0.48229882969477245, 
        "fit": "parabolic", 
        "value": 1657.6399244153897
    }, 
    "Ar41": {
        "error": 0.12302785026359725, 
        "fit": "average_SEM", 
        "value": 0.20483622575062327
    }
}