{
    "Ar36": {
        "error": 0.0019320319389578868, 
        "fit": "parabolic", 
        "value": 0.014317969560792263
    }, 
    "Ar37": {
        "error": 0.12933744228128582, 
        "fit": "linear", 
        "value": -0.036343494218283763
    }, 
    "Ar38": {
        "error": 0.13511364702913586, 
        "fit": "linear", 
        "value": 0.056339211691962203
    }, 
    "Ar39": {
        "error": 0.068733384685100749, 
        "fit": "parabolic", 
        "value": 12.024385126329063
    }, 
    "Ar40": {
        "error": 0.60094616251943944, 
        "fit": "parabolic", 
        "value": 2191.8655231695784
    }, 
    "Ar41": {
        "error": 0.11990163144623736, 
        "fit": "average_SEM", 
        "value": 0.22403218298451974
    }
}