{
    "Ar36": {
        "error": 0.0016242735358041602, 
        "fit": "parabolic", 
        "value": 0.010007030910291422
    }, 
    "Ar37": {
        "error": 0.14037440720016431, 
        "fit": "linear", 
        "value": -0.013529178247682346
    }, 
    "Ar38": {
        "error": 0.13267777942757306, 
        "fit": "linear", 
        "value": 0.033588953240711268
    }, 
    "Ar39": {
        "error": 0.062648035907648156, 
        "fit": "parabolic", 
        "value": 9.2796007744714366
    }, 
    "Ar40": {
        "error": 0.49473038678474285, 
        "fit": "parabolic", 
        "value": 1694.5413078245465
    }, 
    "Ar41": {
        "error": 0.12111369726294031, 
        "fit": "average_SEM", 
        "value": 0.21937364545359742
    }
}