{
    "Ar36": {
        "error": 0.0022536525252722954, 
        "fit": "parabolic", 
        "value": 0.023769120944245881
    }, 
    "Ar37": {
        "error": 0.14189037680348118, 
        "fit": "linear", 
        "value": -0.022131832646873534
    }, 
    "Ar38": {
        "error": 0.12982621197457733, 
        "fit": "linear", 
        "value": 0.070455215801940807
    }, 
    "Ar39": {
        "error": 0.061042940159337027, 
        "fit": "parabolic", 
        "value": 11.363662092231431
    }, 
    "Ar40": {
        "error": 0.56636929492657884, 
        "fit": "parabolic", 
        "value": 2082.7776726974762
    }, 
    "Ar41": {
        "error": 0.1250612045321593, 
        "fit": "average_SEM", 
        "value": 0.21848204667272511
    }
}