{
    "Ar36": {
        "error": 0.0019310896506046524, 
        "fit": "parabolic", 
        "value": 0.013226749490125565
    }, 
    "Ar37": {
        "error": 0.13113257313789181, 
        "fit": "linear", 
        "value": -0.0045481939773154853
    }, 
    "Ar38": {
        "error": 0.14494309953504594, 
        "fit": "linear", 
        "value": 0.092665429804234437
    }, 
    "Ar39": {
        "error": 0.067027969039703497, 
        "fit": "parabolic", 
        "value": 14.854280160302372
    }, 
    "Ar40": {
        "error": 0.63486218117019499, 
        "fit": "parabolic", 
        "value": 2714.1869696283834
    }, 
    "Ar41": {
        "error": 0.12340381503932372, 
        "fit": "average_SEM", 
        "value": 0.24406734602991492
    }
}