{
    "Ar36": {
        "error": 0.0018208467746727013, 
        "fit": "parabolic", 
        "value": 0.012104722745565993
    }, 
    "Ar37": {
        "error": 0.1374991707039622, 
        "fit": "linear", 
        "value": -0.01836266720328962
    }, 
    "Ar38": {
        "error": 0.12845852309688874, 
        "fit": "linear", 
        "value": 0.037259316925137252
    }, 
    "Ar39": {
        "error": 0.064440310420523006, 
        "fit": "parabolic", 
        "value": 8.9888224683171671
    }, 
    "Ar40": {
        "error": 0.49116587662585837, 
        "fit": "parabolic", 
        "value": 1638.9125670120361
    }, 
    "Ar41": {
        "error": 0.12529713076099588, 
        "fit": "average_SEM", 
        "value": 0.21261168305500178
    }
}