{
    "Ar36": {
        "error": 0.003266723199852098, 
        "fit": "parabolic", 
        "value": 0.061380508251906038
    }, 
    "Ar37": {
        "error": 0.14197966970818379, 
        "fit": "linear", 
        "value": -0.0061164123096702182
    }, 
    "Ar38": {
        "error": 0.15470288299821447, 
        "fit": "linear", 
        "value": 0.16969815257922521
    }, 
    "Ar39": {
        "error": 0.067447339017379315, 
        "fit": "parabolic", 
        "value": 19.194326112241065
    }, 
    "Ar40": {
        "error": 0.74207728177967591, 
        "fit": "parabolic", 
        "value": 3531.7679550053945
    }, 
    "Ar41": {
        "error": 0.12893362053467644, 
        "fit": "average_SEM", 
        "value": 0.25201169092702913
    }
}