{
    "Ar36": {
        "error": 0.0021753261963284123, 
        "fit": "parabolic", 
        "value": 0.018868381534010954
    }, 
    "Ar37": {
        "error": 0.13789383156221779, 
        "fit": "linear", 
        "value": 0.014917463320434667
    }, 
    "Ar38": {
        "error": 0.14990930045156298, 
        "fit": "linear", 
        "value": 0.11075047397155545
    }, 
    "Ar39": {
        "error": 0.068988738521195789, 
        "fit": "parabolic", 
        "value": 16.807401227760508
    }, 
    "Ar40": {
        "error": 0.71888919752480729, 
        "fit": "parabolic", 
        "value": 3075.8211371122643
    }, 
    "Ar41": {
        "error": 0.12577340250405145, 
        "fit": "average_SEM", 
        "value": 0.24634737054802827
    }
}