{
    "Ar36": {
        "error": 0.0018967229187798833, 
        "fit": "parabolic", 
        "value": 0.016847146877170125
    }, 
    "Ar37": {
        "error": 0.13762826926739294, 
        "fit": "linear", 
        "value": -0.03045084143825209
    }, 
    "Ar38": {
        "error": 0.13691348691641556, 
        "fit": "linear", 
        "value": 0.073251493393482067
    }, 
    "Ar39": {
        "error": 0.065562289813770283, 
        "fit": "parabolic", 
        "value": 11.012967271446161
    }, 
    "Ar40": {
        "error": 0.55764725433441265, 
        "fit": "parabolic", 
        "value": 2011.9630105342526
    }, 
    "Ar41": {
        "error": 0.12988149230756502, 
        "fit": "average_SEM", 
        "value": 0.22123609300993849
    }
}