{
    "Ar36": {
        "error": 0.001820771190926013, 
        "fit": "parabolic", 
        "value": 0.0091554282411521991
    }, 
    "Ar37": {
        "error": 0.13651724398418216, 
        "fit": "linear", 
        "value": -0.017029312302736212
    }, 
    "Ar38": {
        "error": 0.13365094580085968, 
        "fit": "linear", 
        "value": 0.06370108914724823
    }, 
    "Ar39": {
        "error": 0.064711773832606845, 
        "fit": "parabolic", 
        "value": 11.693815311621917
    }, 
    "Ar40": {
        "error": 0.62432295695880069, 
        "fit": "parabolic", 
        "value": 2140.6369503294372
    }, 
    "Ar41": {
        "error": 0.13265859453972231, 
        "fit": "average_SEM", 
        "value": 0.23078742413727013
    }
}