{
    "Ar36": {
        "error": 0.0017584223409311441, 
        "fit": "parabolic", 
        "value": 0.0099123857623917913
    }, 
    "Ar37": {
        "error": 0.13745485757217996, 
        "fit": "linear", 
        "value": -0.010289490022244517
    }, 
    "Ar38": {
        "error": 0.13623963576281975, 
        "fit": "linear", 
        "value": 0.097434204318933085
    }, 
    "Ar39": {
        "error": 0.067370896917762671, 
        "fit": "parabolic", 
        "value": 14.395449001785444
    }, 
    "Ar40": {
        "error": 0.65496229428197028, 
        "fit": "parabolic", 
        "value": 2634.6616638939513
    }, 
    "Ar41": {
        "error": 0.12568366371686407, 
        "fit": "average_SEM", 
        "value": -0.017298782154393847
    }
}