{
    "Ar36": {
        "error": 0.0026407836630763172, 
        "fit": "parabolic", 
        "value": 0.034975049011963216
    }, 
    "Ar37": {
        "error": 0.14110398559390244, 
        "fit": "linear", 
        "value": 0.0055904612179105678
    }, 
    "Ar38": {
        "error": 0.12720899648575176, 
        "fit": "linear", 
        "value": 0.044324600049798817
    }, 
    "Ar39": {
        "error": 0.065929434784778376, 
        "fit": "parabolic", 
        "value": 9.4481111919737248
    }, 
    "Ar40": {
        "error": 0.49310757279514317, 
        "fit": "parabolic", 
        "value": 1733.7835586202445
    }, 
    "Ar41": {
        "error": 0.12894564005568643, 
        "fit": "average_SEM", 
        "value": 0.21405741359716557
    }
}