{
    "Ar36": {
        "error": 0.0016983689619928276, 
        "fit": "parabolic", 
        "value": 0.0079914117802561482
    }, 
    "Ar37": {
        "error": 0.13488441088994702, 
        "fit": "linear", 
        "value": -0.015346461349311429
    }, 
    "Ar38": {
        "error": 0.13107342333118352, 
        "fit": "linear", 
        "value": 0.068950509112175401
    }, 
    "Ar39": {
        "error": 0.067214084739390598, 
        "fit": "parabolic", 
        "value": 12.194436384287041
    }, 
    "Ar40": {
        "error": 0.56812901069225219, 
        "fit": "parabolic", 
        "value": 2228.6907237979699
    }, 
    "Ar41": {
        "error": 0.1255230745894205, 
        "fit": "average_SEM", 
        "value": -0.032690403993183278
    }
}