{
    "Ar36": {
        "error": 0.0017231514472138834, 
        "fit": "linear", 
        "value": 0.019030626137349231
    }, 
    "Ar37": {
        "error": 0.13575907250945191, 
        "fit": "linear", 
        "value": -0.030424428395883992
    }, 
    "Ar38": {
        "error": 0.13458828386799171, 
        "fit": "linear", 
        "value": -0.00034706600896418035
    }, 
    "Ar39": {
        "error": 0.062640492271692008, 
        "fit": "linear", 
        "value": 5.4548105020641184
    }, 
    "Ar40": {
        "error": 0.40031751455911807, 
        "fit": "linear", 
        "value": 1005.7916429871593
    }, 
    "Ar41": {
        "error": 0.13581662189605395, 
        "fit": "average_SEM", 
        "value": -0.3305976068601012
    }
}