{
    "Ar36": {
        "error": 0.0015252098014833957, 
        "fit": "linear", 
        "value": 0.0081171188746051656
    }, 
    "Ar37": {
        "error": 0.14013012514869044, 
        "fit": "linear", 
        "value": -0.043268860453472988
    }, 
    "Ar38": {
        "error": 0.15180454914334138, 
        "fit": "linear", 
        "value": 0.032116512204137235
    }, 
    "Ar39": {
        "error": 0.062674430522426758, 
        "fit": "linear", 
        "value": 8.5799712711432647
    }, 
    "Ar40": {
        "error": 0.51313125990663699, 
        "fit": "linear", 
        "value": 1574.9649546799556
    }, 
    "Ar41": {
        "error": 0.1503092926121273, 
        "fit": "average_SEM", 
        "value": -0.30798389364240897
    }
}