{
    "Ar36": {
        "error": 0.0018703411223203916, 
        "fit": "linear", 
        "value": 0.016966604280375788
    }, 
    "Ar37": {
        "error": 0.14930076406553594, 
        "fit": "linear", 
        "value": 0.0059784779767967063
    }, 
    "Ar38": {
        "error": 0.15196893288844285, 
        "fit": "linear", 
        "value": 0.11984797855428787
    }, 
    "Ar39": {
        "error": 0.067814831115217564, 
        "fit": "linear", 
        "value": 18.2853162270616
    }, 
    "Ar40": {
        "error": 0.884257996362242, 
        "fit": "linear", 
        "value": 3350.7980438538716
    }, 
    "Ar41": {
        "error": 0.13568146482915008, 
        "fit": "average_SEM", 
        "value": -0.32548878342948029
    }
}