{
    "Ar36": {
        "error": 0.0021284268112765998, 
        "fit": "linear", 
        "value": 0.018940356602390317
    }, 
    "Ar37": {
        "error": 0.13624008389668918, 
        "fit": "linear", 
        "value": -0.039565395156109538
    }, 
    "Ar38": {
        "error": 0.15037854425791261, 
        "fit": "linear", 
        "value": 0.056535504846957289
    }, 
    "Ar39": {
        "error": 0.064875702788697892, 
        "fit": "linear", 
        "value": 9.0437404273803317
    }, 
    "Ar40": {
        "error": 0.54121088070479439, 
        "fit": "linear", 
        "value": 1658.6090448404452
    }, 
    "Ar41": {
        "error": 0.13670746508464751, 
        "fit": "average_SEM", 
        "value": -0.3261541340707077
    }
}