{
    "Ar36": {
        "error": 0.0014494238157904214, 
        "fit": "linear", 
        "value": 0.0079932386663174038
    }, 
    "Ar37": {
        "error": 0.12687655109698692, 
        "fit": "linear", 
        "value": -0.0085696794997570484
    }, 
    "Ar38": {
        "error": 0.14002532080710139, 
        "fit": "linear", 
        "value": 0.0051994358076150682
    }, 
    "Ar39": {
        "error": 0.066860980848521226, 
        "fit": "linear", 
        "value": 5.3065044898138201
    }, 
    "Ar40": {
        "error": 0.41099837343069495, 
        "fit": "linear", 
        "value": 977.68788318782435
    }, 
    "Ar41": {
        "error": 0.14505486784293881, 
        "fit": "average_SEM", 
        "value": -0.33759740388227832
    }
}