{
    "Ar36": {
        "error": 0.0019300964092528413, 
        "fit": "linear", 
        "value": 0.02029409657893242
    }, 
    "Ar37": {
        "error": 0.15920148985171814, 
        "fit": "linear", 
        "value": -0.082143916806928827
    }, 
    "Ar38": {
        "error": 0.13021437987554568, 
        "fit": "linear", 
        "value": -0.0016451471737646082
    }, 
    "Ar39": {
        "error": 0.057510436015971798, 
        "fit": "linear", 
        "value": 2.899038812646022
    }, 
    "Ar40": {
        "error": 0.33388010052474409, 
        "fit": "linear", 
        "value": 543.24068420306298
    }, 
    "Ar41": {
        "error": 0.15247763342892209, 
        "fit": "average_SEM", 
        "value": -0.36028917500128349
    }
}