{
    "Ar36": {
        "error": 0.0014511095885293643, 
        "fit": "linear", 
        "value": 0.0088460234303067084
    }, 
    "Ar37": {
        "error": 0.13829794641987053, 
        "fit": "linear", 
        "value": -0.045145013302275903
    }, 
    "Ar38": {
        "error": 0.13739296336639367, 
        "fit": "linear", 
        "value": 0.031072947190064541
    }, 
    "Ar39": {
        "error": 0.065342610712002147, 
        "fit": "linear", 
        "value": 6.6558009439161587
    }, 
    "Ar40": {
        "error": 0.46449671607549525, 
        "fit": "linear", 
        "value": 1222.5970307014029
    }, 
    "Ar41": {
        "error": 0.16525413928715074, 
        "fit": "average_SEM", 
        "value": -0.3322145965985126
    }
}