{
    "Ar36": {
        "error": 0.0022497207370687014, 
        "fit": "linear", 
        "value": 0.027432827686816319
    }, 
    "Ar37": {
        "error": 0.1400615916796896, 
        "fit": "linear", 
        "value": -0.016603932328804895
    }, 
    "Ar38": {
        "error": 0.15231301940061859, 
        "fit": "linear", 
        "value": 0.06998071227071781
    }, 
    "Ar39": {
        "error": 0.065195037189140187, 
        "fit": "linear", 
        "value": 10.350365823651337
    }, 
    "Ar40": {
        "error": 0.56347035466173689, 
        "fit": "linear", 
        "value": 1909.9804912771015
    }, 
    "Ar41": {
        "error": 0.1438227679471368, 
        "fit": "average_SEM", 
        "value": -0.32443228405382896
    }
}