{
    "Ar36": {
        "error": 0.00123127525183102, 
        "fit": "linear", 
        "value": 0.0059189249107837617
    }, 
    "Ar37": {
        "error": 0.13464120421899822, 
        "fit": "linear", 
        "value": -0.047547664621660074
    }, 
    "Ar38": {
        "error": 0.12608838544852913, 
        "fit": "linear", 
        "value": 0.025409735637407178
    }, 
    "Ar39": {
        "error": 0.067677513947789897, 
        "fit": "linear", 
        "value": 9.3047719277916148
    }, 
    "Ar40": {
        "error": 0.53540875208315486, 
        "fit": "linear", 
        "value": 1713.6981038238625
    }, 
    "Ar41": {
        "error": 0.14193989339996135, 
        "fit": "average_SEM", 
        "value": -0.32852096100234324
    }
}