{
    "Ar36": {
        "error": 0.0019189791647530481, 
        "fit": "linear", 
        "value": 0.019862008696571159
    }, 
    "Ar37": {
        "error": 0.12979861935298601, 
        "fit": "linear", 
        "value": -0.058484043143371398
    }, 
    "Ar38": {
        "error": 0.13235342038407305, 
        "fit": "linear", 
        "value": 0.0080521424545394842
    }, 
    "Ar39": {
        "error": 0.059769501685445155, 
        "fit": "linear", 
        "value": 4.8476135411109178
    }, 
    "Ar40": {
        "error": 0.38823887214435165, 
        "fit": "linear", 
        "value": 901.13505893320621
    }, 
    "Ar41": {
        "error": 0.16181777545731857, 
        "fit": "average_SEM", 
        "value": -0.32857058875055778
    }
}