{
    "Ar36": {
        "error": 0.0018982793931026755, 
        "fit": "linear", 
        "value": 0.017127728590643428
    }, 
    "Ar37": {
        "error": 0.14641789026203891, 
        "fit": "linear", 
        "value": -0.025654662868708433
    }, 
    "Ar38": {
        "error": 0.1506081385261748, 
        "fit": "linear", 
        "value": 0.027326338801506811
    }, 
    "Ar39": {
        "error": 0.062121423764054086, 
        "fit": "linear", 
        "value": 6.9193166554473144
    }, 
    "Ar40": {
        "error": 0.44174558999610808, 
        "fit": "linear", 
        "value": 1283.1560207812345
    }, 
    "Ar41": {
        "error": 0.14452946498533781, 
        "fit": "average_SEM", 
        "value": -0.31571348501990237
    }
}