{
    "Ar36": {
        "error": 0.0018674061999231035, 
        "fit": "linear", 
        "value": 0.015209963747018596
    }, 
    "Ar37": {
        "error": 0.13211904978642364, 
        "fit": "linear", 
        "value": -0.038748351226539003
    }, 
    "Ar38": {
        "error": 0.15158595605147099, 
        "fit": "linear", 
        "value": 0.0064295279549732359
    }, 
    "Ar39": {
        "error": 0.066670796120831752, 
        "fit": "linear", 
        "value": 6.3179855388698716
    }, 
    "Ar40": {
        "error": 0.42386813785493505, 
        "fit": "linear", 
        "value": 1171.0003366603935
    }, 
    "Ar41": {
        "error": 0.1353131823954902, 
        "fit": "average_SEM", 
        "value": -0.33429897088143562
    }
}