{
    "Ar36": {
        "error": 0.0024828600798880262, 
        "fit": "linear", 
        "value": 0.033136913684446226
    }, 
    "Ar37": {
        "error": 0.12766456981565669, 
        "fit": "linear", 
        "value": -0.075838594423800795
    }, 
    "Ar38": {
        "error": 0.13212976016195485, 
        "fit": "linear", 
        "value": -0.020790480954392673
    }, 
    "Ar39": {
        "error": 0.065110556420543586, 
        "fit": "linear", 
        "value": 6.9051537708528841
    }, 
    "Ar40": {
        "error": 0.42570129990109568, 
        "fit": "linear", 
        "value": 1278.7559678284283
    }, 
    "Ar41": {
        "error": 0.14969559439623104, 
        "fit": "average_SEM", 
        "value": -0.33584836139602381
    }
}