{
    "Ar36": {
        "error": 0.0020064945429038401, 
        "fit": "linear", 
        "value": 0.020034143210463456
    }, 
    "Ar37": {
        "error": 0.14197547976540303, 
        "fit": "linear", 
        "value": -0.016889819760658373
    }, 
    "Ar38": {
        "error": 0.15639335859376516, 
        "fit": "linear", 
        "value": 0.025084986477572832
    }, 
    "Ar39": {
        "error": 0.065531590436276113, 
        "fit": "linear", 
        "value": 7.3349207010994872
    }, 
    "Ar40": {
        "error": 0.47242685783965882, 
        "fit": "linear", 
        "value": 1353.4971082040465
    }, 
    "Ar41": {
        "error": 0.15548173574950724, 
        "fit": "average_SEM", 
        "value": -0.32585938592027458
    }
}