{
    "Ar36": {
        "error": 0.0032297932843494293, 
        "fit": "linear", 
        "value": 0.070438940040750436
    }, 
    "Ar37": {
        "error": 0.12971550944165103, 
        "fit": "linear", 
        "value": -0.034456354469576837
    }, 
    "Ar38": {
        "error": 0.13100208307380182, 
        "fit": "linear", 
        "value": 0.06489934859714952
    }, 
    "Ar39": {
        "error": 0.064851441610416172, 
        "fit": "linear", 
        "value": 11.44367037956652
    }, 
    "Ar40": {
        "error": 0.61757426710136598, 
        "fit": "linear", 
        "value": 2118.2928652218889
    }, 
    "Ar41": {
        "error": 0.14127590699193707, 
        "fit": "average_SEM", 
        "value": -0.3221985996493863
    }
}