{
    "AX": {
        "error": 0.05913213615786278, 
        "fit": "average_SEM", 
        "value": 0.0003192245050740894
    }, 
    "CDD": {
        "error": 0.00011912595300991477, 
        "fit": "average_SEM", 
        "value": 9.846393732004799e-05
    }, 
    "H1": {
        "error": 0.13911173128731433, 
        "fit": "average_SEM", 
        "value": 0.026844425023227814
    }, 
    "H2": {
        "error": 0.14552731842234184, 
        "fit": "average_SEM", 
        "value": -0.06516585845529335
    }, 
    "L1": {
        "error": 0.13639668414136766, 
        "fit": "average_SEM", 
        "value": -0.05378139563011549
    }, 
    "L2": {
        "error": 0.13460232997114052, 
        "fit": "average_SEM", 
        "value": -0.04095900905473779
    }
}