{
    "AX": {
        "error": 0.058111529661035194, 
        "fit": "average_SEM", 
        "value": -0.0021416227000170492
    }, 
    "CDD": {
        "error": 3.5711372458756305e-05, 
        "fit": "average_SEM", 
        "value": 8.637187420390546e-06
    }, 
    "H1": {
        "error": 0.1280008382779452, 
        "fit": "average_SEM", 
        "value": -0.03256781426931007
    }, 
    "H2": {
        "error": 0.12180002677641315, 
        "fit": "average_SEM", 
        "value": -0.06805599110957701
    }, 
    "L1": {
        "error": 0.14014916310049383, 
        "fit": "average_SEM", 
        "value": -0.14512158197487426
    }, 
    "L2": {
        "error": 0.1424726604677214, 
        "fit": "average_SEM", 
        "value": -0.11839473059905382
    }
}