{
    "AX": {
        "error": 0.05704817997213982, 
        "fit": "average_SEM", 
        "value": -0.00656104982602604
    }, 
    "CDD": {
        "error": 4.846448637169274e-05, 
        "fit": "average_SEM", 
        "value": 1.4683218614663928e-05
    }, 
    "H1": {
        "error": 0.12244283573941746, 
        "fit": "average_SEM", 
        "value": 0.004297492654748365
    }, 
    "H2": {
        "error": 0.13260957758597075, 
        "fit": "average_SEM", 
        "value": -0.029526012399259748
    }, 
    "L1": {
        "error": 0.13231004784952954, 
        "fit": "average_SEM", 
        "value": -0.08982970035091663
    }, 
    "L2": {
        "error": 0.14409819553657335, 
        "fit": "average_SEM", 
        "value": -0.058257214923974565
    }
}