{
    "AX": {
        "error": 0.04934047013741867, 
        "fit": "average_SEM", 
        "value": -0.036780795159575067
    }, 
    "CDD": {
        "error": 0.0001151669762567273, 
        "fit": "average_SEM", 
        "value": 0.00010105509330363324
    }, 
    "H1": {
        "error": 0.11726337622475472, 
        "fit": "average_SEM", 
        "value": 0.051479467095729585
    }, 
    "H2": {
        "error": 0.1312556403054493, 
        "fit": "average_SEM", 
        "value": -0.36921061084916196
    }, 
    "L1": {
        "error": 0.12576255194804997, 
        "fit": "average_SEM", 
        "value": -0.07486163971528488
    }, 
    "L2": {
        "error": 0.1320272569957427, 
        "fit": "average_SEM", 
        "value": -0.0870798160021271
    }
}