{
    "AX": {
        "error": 0.06591076174486513, 
        "fit": "average_SEM", 
        "value": -0.011134616271495664
    }, 
    "CDD": {
        "error": 0.00013480375952496415, 
        "fit": "average_SEM", 
        "value": 0.00011401087467675098
    }, 
    "H1": {
        "error": 0.12011044911948077, 
        "fit": "average_SEM", 
        "value": 0.018737599894908877
    }, 
    "H2": {
        "error": 0.1316898074320707, 
        "fit": "average_SEM", 
        "value": -0.09731719856117707
    }, 
    "L1": {
        "error": 0.13146138445068634, 
        "fit": "average_SEM", 
        "value": -0.06661673426860944
    }, 
    "L2": {
        "error": 0.12895889873302488, 
        "fit": "average_SEM", 
        "value": -0.04455462152473046
    }
}