{
    "AX": {
        "error": 0.056195699716585695, 
        "fit": "average_SEM", 
        "value": -0.0030089347366204795
    }, 
    "CDD": {
        "error": 0.0001427795923806146, 
        "fit": "average_SEM", 
        "value": 0.00012178434481029399
    }, 
    "H1": {
        "error": 0.13199896283084828, 
        "fit": "average_SEM", 
        "value": 0.026166300068628818
    }, 
    "H2": {
        "error": 0.1273666083960279, 
        "fit": "average_SEM", 
        "value": 0.2000932793909063
    }, 
    "L1": {
        "error": 0.12079851442559777, 
        "fit": "average_SEM", 
        "value": -0.05176478869204099
    }, 
    "L2": {
        "error": 0.1424090481372608, 
        "fit": "average_SEM", 
        "value": -0.01191523996142981
    }
}