{
    "AX": {
        "error": 0.05680816277387321, 
        "fit": "average_SEM", 
        "value": 0.010140966088025985
    }, 
    "CDD": {
        "error": 0.0001351486168495502, 
        "fit": "average_SEM", 
        "value": 0.00011271529729128815
    }, 
    "H1": {
        "error": 0.11706239621373522, 
        "fit": "average_SEM", 
        "value": 0.010433212053612806
    }, 
    "H2": {
        "error": 0.15784924443739426, 
        "fit": "average_SEM", 
        "value": -0.07808841876297569
    }, 
    "L1": {
        "error": 0.10929665453078663, 
        "fit": "average_SEM", 
        "value": -0.05051365109587399
    }, 
    "L2": {
        "error": 0.1436836666081673, 
        "fit": "average_SEM", 
        "value": -0.03098227046551377
    }
}