{
    "AX": {
        "error": 0.05687996942718617, 
        "fit": "average_SEM", 
        "value": -0.00215019074967131
    }, 
    "CDD": {
        "error": 0.0001371378495997839, 
        "fit": "average_SEM", 
        "value": 9.457720395099993e-05
    }, 
    "H1": {
        "error": 0.1299284352238249, 
        "fit": "average_SEM", 
        "value": -0.008177359638890873
    }, 
    "H2": {
        "error": 0.1353388359752291, 
        "fit": "average_SEM", 
        "value": -0.08416803817575176
    }, 
    "L1": {
        "error": 0.13338345422978418, 
        "fit": "average_SEM", 
        "value": -0.08621224261992969
    }, 
    "L2": {
        "error": 0.13265616754299225, 
        "fit": "average_SEM", 
        "value": -0.029725246237164053
    }
}