{
    "AX": {
        "error": 0.06001332404165412, 
        "fit": "average_SEM", 
        "value": 0.001542861964521257
    }, 
    "CDD": {
        "error": 4.778640996861868e-05, 
        "fit": "average_SEM", 
        "value": 1.2092062388546764e-05
    }, 
    "H1": {
        "error": 0.13620316773423438, 
        "fit": "average_SEM", 
        "value": -0.01920307803989595
    }, 
    "H2": {
        "error": 0.11478938951686983, 
        "fit": "average_SEM", 
        "value": 0.2050022520034367
    }, 
    "L1": {
        "error": 0.13618688190127895, 
        "fit": "average_SEM", 
        "value": -0.08561278003811215
    }, 
    "L2": {
        "error": 0.14328696682286318, 
        "fit": "average_SEM", 
        "value": -0.0917061109630999
    }
}