{
    "AX": {
        "error": 0.06218709725084205, 
        "fit": "average_SEM", 
        "value": -0.005440995997438828
    }, 
    "CDD": {
        "error": 0.0001264057277382456, 
        "fit": "average_SEM", 
        "value": 0.0001295578125185178
    }, 
    "H1": {
        "error": 0.14329910756854358, 
        "fit": "average_SEM", 
        "value": 0.014166135565998654
    }, 
    "H2": {
        "error": 0.127788062901373, 
        "fit": "average_SEM", 
        "value": -0.09129767033882671
    }, 
    "L1": {
        "error": 0.11639097514299793, 
        "fit": "average_SEM", 
        "value": -0.07268313322177468
    }, 
    "L2": {
        "error": 0.1320068246091051, 
        "fit": "average_SEM", 
        "value": -0.047123483466263376
    }
}