{
    "AX": {
        "error": 0.05915920382722803, 
        "fit": "average_SEM", 
        "value": -0.005640833116679763
    }, 
    "CDD": {
        "error": 0.00012290244726093387, 
        "fit": "average_SEM", 
        "value": 0.00011141971820810189
    }, 
    "H1": {
        "error": 0.13297384726404135, 
        "fit": "average_SEM", 
        "value": -0.014948199431334313
    }, 
    "H2": {
        "error": 0.1289511134103048, 
        "fit": "average_SEM", 
        "value": -0.11353415449460348
    }, 
    "L1": {
        "error": 0.1336744720252924, 
        "fit": "average_SEM", 
        "value": -0.09383769103442319
    }, 
    "L2": {
        "error": 0.14860158990150954, 
        "fit": "average_SEM", 
        "value": -0.06458167129761326
    }
}