{
    "Ar36": {
        "error": 0.0066181869103831273, 
        "fit": "parabolic", 
        "value": 0.29907353956276672
    }, 
    "Ar37": {
        "error": 0.13825968959301804, 
        "fit": "linear", 
        "value": 0.0091906995450298443
    }, 
    "Ar38": {
        "error": 0.16655175427875379, 
        "fit": "linear", 
        "value": -0.043039794470856249
    }, 
    "Ar39": {
        "error": 0.064906611665304759, 
        "fit": "parabolic", 
        "value": -0.028004769937471405
    }, 
    "Ar40": {
        "error": 0.17417804692269692, 
        "fit": "parabolic", 
        "value": 90.880529175922604
    }, 
    "Ar41": {
        "error": 0.13641143447134751, 
        "fit": "average_SEM", 
        "value": -0.11007220779138152
    }
}