{
    "Ar36": {
        "error": 0.0063258727014899449, 
        "fit": "parabolic", 
        "value": 0.28095348365619216
    }, 
    "Ar37": {
        "error": 0.13713882369055166, 
        "fit": "linear", 
        "value": -0.018369358311671864
    }, 
    "Ar38": {
        "error": 0.1252134335369437, 
        "fit": "linear", 
        "value": -0.020901236170072293
    }, 
    "Ar39": {
        "error": 0.055208377298961643, 
        "fit": "parabolic", 
        "value": 0.0078874700151204593
    }, 
    "Ar40": {
        "error": 0.16890933539418304, 
        "fit": "parabolic", 
        "value": 85.222456291481762
    }, 
    "Ar41": {
        "error": 0.123628284492406, 
        "fit": "average_SEM", 
        "value": 0.18226079492102143
    }
}