{
    "Ar36": {
        "error": 0.0069632304222137552, 
        "fit": "parabolic", 
        "value": 0.31967916202801933
    }, 
    "Ar37": {
        "error": 0.14573437162854677, 
        "fit": "linear", 
        "value": -0.062784425645947578
    }, 
    "Ar38": {
        "error": 0.14084920261885447, 
        "fit": "linear", 
        "value": -0.014968309113775856
    }, 
    "Ar39": {
        "error": 0.058147274903785552, 
        "fit": "parabolic", 
        "value": -0.016741979860921304
    }, 
    "Ar40": {
        "error": 0.17778930801578777, 
        "fit": "parabolic", 
        "value": 97.217572570894291
    }, 
    "Ar41": {
        "error": 0.1333193862672177, 
        "fit": "average_SEM", 
        "value": -0.36392998342402277
    }
}