{
    "Ar36": {
        "error": 0.0067264507950234361, 
        "fit": "parabolic", 
        "value": 0.31960171134722049
    }, 
    "Ar37": {
        "error": 0.14038105276078275, 
        "fit": "linear", 
        "value": -0.045381012405963303
    }, 
    "Ar38": {
        "error": 0.13710413870198523, 
        "fit": "linear", 
        "value": -0.010022742683074438
    }, 
    "Ar39": {
        "error": 0.055519867274167085, 
        "fit": "parabolic", 
        "value": -0.01456517094315303
    }, 
    "Ar40": {
        "error": 0.1720411920260258, 
        "fit": "parabolic", 
        "value": 97.27419043769828
    }, 
    "Ar41": {
        "error": 0.14770093063062814, 
        "fit": "average_SEM", 
        "value": -0.36047960982192306
    }
}