{
    "Ar36": {
        "error": 0.006103891221941906, 
        "fit": "parabolic", 
        "value": 0.28046942336290287
    }, 
    "Ar37": {
        "error": 0.13896748361750638, 
        "fit": "linear", 
        "value": -0.11656084701270464
    }, 
    "Ar38": {
        "error": 0.13741886035091838, 
        "fit": "linear", 
        "value": -0.059592058807435816
    }, 
    "Ar39": {
        "error": 0.062603678950756636, 
        "fit": "parabolic", 
        "value": 0.011618326552309282
    }, 
    "Ar40": {
        "error": 0.17225579176776332, 
        "fit": "parabolic", 
        "value": 85.21582950430053
    }, 
    "Ar41": {
        "error": 0.12799405363060021, 
        "fit": "average_SEM", 
        "value": -0.058469465427042448
    }
}