{
    "Ar36": {
        "error": 0.0062936258769346392, 
        "fit": "parabolic", 
        "value": 0.28093357854054274
    }, 
    "Ar37": {
        "error": 0.14056315574957187, 
        "fit": "linear", 
        "value": 0.030098616429786798
    }, 
    "Ar38": {
        "error": 0.13140260957944466, 
        "fit": "linear", 
        "value": 0.0020034496768754455
    }, 
    "Ar39": {
        "error": 0.057940098764097808, 
        "fit": "parabolic", 
        "value": 0.027414223909167309
    }, 
    "Ar40": {
        "error": 0.16320473949194383, 
        "fit": "parabolic", 
        "value": 85.192957808358273
    }, 
    "Ar41": {
        "error": 0.12588659872202171, 
        "fit": "average_SEM", 
        "value": 0.19401804083365279
    }
}