{
    "Ar36": {
        "error": 0.0066217444512149956, 
        "fit": "parabolic", 
        "value": 0.28255337143955483
    }, 
    "Ar37": {
        "error": 0.13834511576715486, 
        "fit": "linear", 
        "value": -0.0066503794923061937
    }, 
    "Ar38": {
        "error": 0.12438818403678222, 
        "fit": "linear", 
        "value": 0.0016596102263925893
    }, 
    "Ar39": {
        "error": 0.057550507319054763, 
        "fit": "parabolic", 
        "value": 0.017751588775894875
    }, 
    "Ar40": {
        "error": 0.16821379288841878, 
        "fit": "parabolic", 
        "value": 85.193396071082773
    }, 
    "Ar41": {
        "error": 0.11993904842845103, 
        "fit": "average_SEM", 
        "value": -0.084204243721196684
    }
}