{
    "Ar36": {
        "error": 0.0065235608647841448, 
        "fit": "parabolic", 
        "value": 0.29838738354631911
    }, 
    "Ar37": {
        "error": 0.14565853013878516, 
        "fit": "linear", 
        "value": -0.012751488846538161
    }, 
    "Ar38": {
        "error": 0.16307834081856951, 
        "fit": "linear", 
        "value": -0.0031532090985809356
    }, 
    "Ar39": {
        "error": 0.056714844266685716, 
        "fit": "parabolic", 
        "value": -0.030537203067516751
    }, 
    "Ar40": {
        "error": 0.17930213035781933, 
        "fit": "parabolic", 
        "value": 90.921146385472383
    }, 
    "Ar41": {
        "error": 0.14420121518113879, 
        "fit": "average_SEM", 
        "value": -0.3644978992668621
    }
}