{
    "Ar36": {
        "error": 0.0064803265269664147, 
        "fit": "parabolic", 
        "value": 0.28372150230624216
    }, 
    "Ar37": {
        "error": 0.13881124898079722, 
        "fit": "linear", 
        "value": -0.012486675992681544
    }, 
    "Ar38": {
        "error": 0.12499778030556277, 
        "fit": "linear", 
        "value": 0.0040794385360670669
    }, 
    "Ar39": {
        "error": 0.057060139185653301, 
        "fit": "parabolic", 
        "value": 0.0036346688731278562
    }, 
    "Ar40": {
        "error": 0.1599830321679418, 
        "fit": "parabolic", 
        "value": 85.257359437735431
    }, 
    "Ar41": {
        "error": 0.12409822730539094, 
        "fit": "average_SEM", 
        "value": -0.084544332991063134
    }
}