{
    "Ar36": {
        "error": 0.0067443815464050686, 
        "fit": "parabolic", 
        "value": 0.28097402609368693
    }, 
    "Ar37": {
        "error": 0.1262621012378419, 
        "fit": "linear", 
        "value": 0.0047476103502594536
    }, 
    "Ar38": {
        "error": 0.12852273089050673, 
        "fit": "linear", 
        "value": -0.0013027240363292834
    }, 
    "Ar39": {
        "error": 0.058267390516063611, 
        "fit": "parabolic", 
        "value": 0.016539636896605554
    }, 
    "Ar40": {
        "error": 0.15893413106881563, 
        "fit": "parabolic", 
        "value": 85.22865120005747
    }, 
    "Ar41": {
        "error": 0.11790344304653795, 
        "fit": "average_SEM", 
        "value": 0.19771331136696971
    }
}