{
    "Ar36": {
        "error": 0.0011396185686906777, 
        "fit": "parabolic", 
        "value": 0.004621199380172583
    }, 
    "Ar37": {
        "error": 0.13356215735704829, 
        "fit": "linear", 
        "value": -0.056790925216393756
    }, 
    "Ar38": {
        "error": 0.13122536000251961, 
        "fit": "linear", 
        "value": -0.081949231912903486
    }, 
    "Ar39": {
        "error": 0.054156316072517058, 
        "fit": "parabolic", 
        "value": -0.029883108639742764
    }, 
    "Ar40": {
        "error": 0.1458335727297167, 
        "fit": "parabolic", 
        "value": 1.2609114823622727
    }, 
    "Ar41": {
        "error": 0.12506171135704336, 
        "fit": "average_SEM", 
        "value": -0.3581137384590693
    }
}