{
    "Ar36": {
        "error": 0.0011735719253113891, 
        "fit": "parabolic", 
        "value": 0.0047850281090560786
    }, 
    "Ar37": {
        "error": 0.14048718576289285, 
        "fit": "linear", 
        "value": -0.090469539633104196
    }, 
    "Ar38": {
        "error": 0.12314895926751444, 
        "fit": "linear", 
        "value": -0.072088524053114084
    }, 
    "Ar39": {
        "error": 0.054894638148698584, 
        "fit": "parabolic", 
        "value": -0.027661599745355335
    }, 
    "Ar40": {
        "error": 0.13875821327261556, 
        "fit": "parabolic", 
        "value": 1.2258616054125944
    }, 
    "Ar41": {
        "error": 0.13707416913361042, 
        "fit": "average_SEM", 
        "value": -0.36193495166487993
    }
}