{
    "Ar36": {
        "error": 0.001118827108227528, 
        "fit": "parabolic", 
        "value": 0.0045225980273532326
    }, 
    "Ar37": {
        "error": 0.13355866269544875, 
        "fit": "linear", 
        "value": -0.044165878410765275
    }, 
    "Ar38": {
        "error": 0.12104373553863861, 
        "fit": "linear", 
        "value": -0.065424882340785209
    }, 
    "Ar39": {
        "error": 0.055938475093184337, 
        "fit": "parabolic", 
        "value": -0.014732996535959567
    }, 
    "Ar40": {
        "error": 0.13658345425164775, 
        "fit": "parabolic", 
        "value": 1.1753955289846012
    }, 
    "Ar41": {
        "error": 0.14131928767050397, 
        "fit": "average_SEM", 
        "value": -0.36099066421855242
    }
}