{
    "Ar36": {
        "error": 0.00083450318252786522, 
        "fit": "parabolic", 
        "value": 0.002419347656745229
    }, 
    "Ar37": {
        "error": 0.13069832973995577, 
        "fit": "linear", 
        "value": 0.0072866543460764679
    }, 
    "Ar38": {
        "error": 0.18144555135434845, 
        "fit": "linear", 
        "value": -0.036342339458321687
    }, 
    "Ar39": {
        "error": 0.057524941559584257, 
        "fit": "parabolic", 
        "value": -0.048239665928779568
    }, 
    "Ar40": {
        "error": 0.13301325198660494, 
        "fit": "parabolic", 
        "value": 0.67882780285048627
    }, 
    "Ar41": {
        "error": 0.12895298005766687, 
        "fit": "average_SEM", 
        "value": -0.099876234771218153
    }
}