{
    "Ar36": {
        "error": 0.0012069157597976239, 
        "fit": "parabolic", 
        "value": 0.0063971423663123188
    }, 
    "Ar37": {
        "error": 0.1323685108088046, 
        "fit": "linear", 
        "value": 0.014885315511557546
    }, 
    "Ar38": {
        "error": 0.13311871347747678, 
        "fit": "linear", 
        "value": -0.04868653248434314
    }, 
    "Ar39": {
        "error": 0.056325782873291354, 
        "fit": "parabolic", 
        "value": -0.014006341321679354
    }, 
    "Ar40": {
        "error": 0.12970229515907383, 
        "fit": "parabolic", 
        "value": 1.7349958908334058
    }, 
    "Ar41": {
        "error": 0.13260529689664488, 
        "fit": "average_SEM", 
        "value": -0.079880536636919713
    }
}