{
    "Ar36": {
        "error": 0.00089101865129485598, 
        "fit": "parabolic", 
        "value": 0.0021131597009311073
    }, 
    "Ar37": {
        "error": 0.1392414476729282, 
        "fit": "linear", 
        "value": 0.0082085242823415928
    }, 
    "Ar38": {
        "error": 0.14239568852629014, 
        "fit": "linear", 
        "value": -0.089519500005692199
    }, 
    "Ar39": {
        "error": 0.061334512191009771, 
        "fit": "parabolic", 
        "value": -0.067108505138193483
    }, 
    "Ar40": {
        "error": 0.12603632305127857, 
        "fit": "parabolic", 
        "value": 0.50898396629552045
    }, 
    "Ar41": {
        "error": 0.13130331617118488, 
        "fit": "average_SEM", 
        "value": -0.38386443627299743
    }
}