{
    "Ar36": {
        "error": 0.00079491442960067976, 
        "fit": "parabolic", 
        "value": 0.0021355866765367321
    }, 
    "Ar37": {
        "error": 0.13447757543112326, 
        "fit": "linear", 
        "value": 0.0013945248981257936
    }, 
    "Ar38": {
        "error": 0.16932305056386254, 
        "fit": "linear", 
        "value": -0.10086139078786047
    }, 
    "Ar39": {
        "error": 0.058522065978881835, 
        "fit": "parabolic", 
        "value": -0.022881728731558106
    }, 
    "Ar40": {
        "error": 0.11998647915949054, 
        "fit": "parabolic", 
        "value": 0.50923467980459458
    }, 
    "Ar41": {
        "error": 0.13804300880327652, 
        "fit": "average_SEM", 
        "value": -0.3738853262318298
    }
}