{
    "Ar36": {
        "error": 0.0012426422043198718, 
        "fit": "parabolic", 
        "value": 0.0061776224915279059
    }, 
    "Ar37": {
        "error": 0.14321140400686838, 
        "fit": "linear", 
        "value": -0.086466580416071817
    }, 
    "Ar38": {
        "error": 0.15387193287043768, 
        "fit": "linear", 
        "value": -0.091361246469781804
    }, 
    "Ar39": {
        "error": 0.0070862202549062886, 
        "fit": "parabolic", 
        "value": 0.016788328907384992
    }, 
    "Ar40": {
        "error": 0.14285821705434337, 
        "fit": "parabolic", 
        "value": 1.7788696008224707
    }, 
    "Ar41": {
        "error": 0.11427733408683899, 
        "fit": "average_SEM", 
        "value": 0.2124462293813445
    }
}