{
    "Ar36": {
        "error": 0.0015621947743754811, 
        "fit": "parabolic", 
        "value": 0.0096025571053898126
    }, 
    "Ar37": {
        "error": 0.15454042364813322, 
        "fit": "linear", 
        "value": -0.091016416561170835
    }, 
    "Ar38": {
        "error": 0.14491124964141039, 
        "fit": "linear", 
        "value": -0.10541635262476429
    }, 
    "Ar39": {
        "error": 0.0075684504184611468, 
        "fit": "parabolic", 
        "value": 0.019717230989764481
    }, 
    "Ar40": {
        "error": 0.14268344737652891, 
        "fit": "parabolic", 
        "value": 3.0253079766854007
    }, 
    "Ar41": {
        "error": 0.12062071661791708, 
        "fit": "average_SEM", 
        "value": -0.067997678965588823
    }
}