{
    "Ar36": {
        "error": 0.0009410044592555231, 
        "fit": "parabolic", 
        "value": 0.0040148301770015372
    }, 
    "Ar37": {
        "error": 0.14831270241681363, 
        "fit": "linear", 
        "value": 0.030243388848566449
    }, 
    "Ar38": {
        "error": 0.1411169706494835, 
        "fit": "linear", 
        "value": -0.050337792123199263
    }, 
    "Ar39": {
        "error": 0.061346107338782332, 
        "fit": "parabolic", 
        "value": -0.031829461520128922
    }, 
    "Ar40": {
        "error": 0.12683274206133888, 
        "fit": "parabolic", 
        "value": 1.0967467553023089
    }, 
    "Ar41": {
        "error": 0.13119769399566172, 
        "fit": "average_SEM", 
        "value": -0.11123525278813759
    }
}