{
    "Ar36": {
        "error": 0.0012202192118924429, 
        "fit": "parabolic", 
        "value": 0.007666866371534891
    }, 
    "Ar37": {
        "error": 0.13376283795155638, 
        "fit": "linear", 
        "value": 0.0041494244745600133
    }, 
    "Ar38": {
        "error": 0.13132650966791401, 
        "fit": "linear", 
        "value": -0.07087191061209365
    }, 
    "Ar39": {
        "error": 0.059462024296735382, 
        "fit": "parabolic", 
        "value": -0.00035893661944273215
    }, 
    "Ar40": {
        "error": 0.14155938289588441, 
        "fit": "parabolic", 
        "value": 2.1570224251109882
    }, 
    "Ar41": {
        "error": 0.13759084819516001, 
        "fit": "average_SEM", 
        "value": -0.085697471213061358
    }
}