{
    "Ar36": {
        "error": 0.0012505864003802909, 
        "fit": "parabolic", 
        "value": 0.0070124218726513223
    }, 
    "Ar37": {
        "error": 0.13075493936108731, 
        "fit": "linear", 
        "value": -0.033180811520445053
    }, 
    "Ar38": {
        "error": 0.1253642430215017, 
        "fit": "linear", 
        "value": -0.06295859756312995
    }, 
    "Ar39": {
        "error": 0.058046331938696065, 
        "fit": "parabolic", 
        "value": 0.0069680429221367053
    }, 
    "Ar40": {
        "error": 0.12435299031082378, 
        "fit": "parabolic", 
        "value": 1.8132896752379217
    }, 
    "Ar41": {
        "error": 0.12905059567585767, 
        "fit": "average_SEM", 
        "value": -0.10408206564577994
    }
}