{
    "Ar36": {
        "error": 0.00085168405328388762, 
        "fit": "parabolic", 
        "value": 0.0022098841432229041
    }, 
    "Ar37": {
        "error": 0.13587776682099284, 
        "fit": "linear", 
        "value": 0.040439023807826491
    }, 
    "Ar38": {
        "error": 0.14191714226940638, 
        "fit": "linear", 
        "value": -0.051584322144254985
    }, 
    "Ar39": {
        "error": 0.060977424169094095, 
        "fit": "parabolic", 
        "value": -0.033197243538181202
    }, 
    "Ar40": {
        "error": 0.13375384775270019, 
        "fit": "parabolic", 
        "value": 0.68637566377839865
    }, 
    "Ar41": {
        "error": 0.12921300258571736, 
        "fit": "average_SEM", 
        "value": -0.084634577827600879
    }
}