{
    "Ar36": {
        "error": 0.0012129024096308131, 
        "fit": "parabolic", 
        "value": 0.0065956080329856483
    }, 
    "Ar37": {
        "error": 0.13183392686531933, 
        "fit": "linear", 
        "value": 0.00071005838338168443
    }, 
    "Ar38": {
        "error": 0.12999039350962593, 
        "fit": "linear", 
        "value": -0.070434293221758384
    }, 
    "Ar39": {
        "error": 0.056966403744148811, 
        "fit": "parabolic", 
        "value": 0.01194033131638873
    }, 
    "Ar40": {
        "error": 0.13345986591449746, 
        "fit": "parabolic", 
        "value": 1.8024278121217154
    }, 
    "Ar41": {
        "error": 0.12893489844257899, 
        "fit": "average_SEM", 
        "value": -0.092641426991322079
    }
}