{
    "Ar36": {
        "error": 0.0013309110912565053, 
        "fit": "parabolic", 
        "value": 0.0074795913168451758
    }, 
    "Ar37": {
        "error": 0.13417362278160513, 
        "fit": "linear", 
        "value": 0.021879010973991402
    }, 
    "Ar38": {
        "error": 0.12411834343516825, 
        "fit": "linear", 
        "value": -0.037082847753641388
    }, 
    "Ar39": {
        "error": 0.056529804170320219, 
        "fit": "parabolic", 
        "value": 0.0092729927020423191
    }, 
    "Ar40": {
        "error": 0.13347069216311919, 
        "fit": "parabolic", 
        "value": 2.0633740039221156
    }, 
    "Ar41": {
        "error": 0.13634668841010922, 
        "fit": "average_SEM", 
        "value": -0.075870915192208482
    }
}