{
    "Ar36": {
        "error": 0.0013021989996185022, 
        "fit": "parabolic", 
        "value": 0.0073094520552099982
    }, 
    "Ar37": {
        "error": 0.13787507065406648, 
        "fit": "linear", 
        "value": -0.055593855249500335
    }, 
    "Ar38": {
        "error": 0.12085059010424995, 
        "fit": "linear", 
        "value": -0.066399284905627118
    }, 
    "Ar39": {
        "error": 0.057928956827438496, 
        "fit": "parabolic", 
        "value": 0.010662692577925414
    }, 
    "Ar40": {
        "error": 0.13585852922006428, 
        "fit": "parabolic", 
        "value": 1.930627735632662
    }, 
    "Ar41": {
        "error": 0.12692690539864981, 
        "fit": "average_SEM", 
        "value": -0.097540349283954123
    }
}