{
    "Ar36": {
        "error": 0.0012302039414522348, 
        "fit": "parabolic", 
        "value": 0.0069653344832155415
    }, 
    "Ar37": {
        "error": 0.14385863180403921, 
        "fit": "linear", 
        "value": -0.036990918739062448
    }, 
    "Ar38": {
        "error": 0.11881886926812776, 
        "fit": "linear", 
        "value": -0.079396364708298472
    }, 
    "Ar39": {
        "error": 0.061217741140283811, 
        "fit": "parabolic", 
        "value": -0.00022734859703494453
    }, 
    "Ar40": {
        "error": 0.13132873912452389, 
        "fit": "parabolic", 
        "value": 1.8878173745990194
    }, 
    "Ar41": {
        "error": 0.1278332828643107, 
        "fit": "average_SEM", 
        "value": 0.16994089636486023
    }
}