{
    "Ar36": {
        "error": 0.001366334781831786, 
        "fit": "parabolic", 
        "value": 0.0078351867267827217
    }, 
    "Ar37": {
        "error": 0.14730197459986424, 
        "fit": "linear", 
        "value": -0.11807471096663953
    }, 
    "Ar38": {
        "error": 0.14388464708463819, 
        "fit": "linear", 
        "value": -0.10611212401507593
    }, 
    "Ar39": {
        "error": 0.0070794502494892558, 
        "fit": "parabolic", 
        "value": 0.017154562416623123
    }, 
    "Ar40": {
        "error": 0.14831037490177112, 
        "fit": "parabolic", 
        "value": 2.2755284063693635
    }, 
    "Ar41": {
        "error": 0.12745826411752592, 
        "fit": "average_SEM", 
        "value": -0.074026442491190711
    }
}