{
    "Ar36": {
        "error": 0.0013180646016171199, 
        "fit": "parabolic", 
        "value": 0.0074412319305591831
    }, 
    "Ar37": {
        "error": 0.14216671784095655, 
        "fit": "linear", 
        "value": -0.01702288905363061
    }, 
    "Ar38": {
        "error": 0.12775239698268315, 
        "fit": "linear", 
        "value": -0.081572995215929284
    }, 
    "Ar39": {
        "error": 0.058191705794447532, 
        "fit": "parabolic", 
        "value": 0.0029357028337021408
    }, 
    "Ar40": {
        "error": 0.13342894082410606, 
        "fit": "parabolic", 
        "value": 2.0399355456868928
    }, 
    "Ar41": {
        "error": 0.13701371128272921, 
        "fit": "average_SEM", 
        "value": -0.10262259833132703
    }
}