{
    "Ar36": {
        "error": 0.0012184008341697787, 
        "fit": "parabolic", 
        "value": 0.0071263425703720976
    }, 
    "Ar37": {
        "error": 0.12938008526830194, 
        "fit": "linear", 
        "value": 0.00049758074067066116
    }, 
    "Ar38": {
        "error": 0.12379034184361383, 
        "fit": "linear", 
        "value": -0.090681557960492681
    }, 
    "Ar39": {
        "error": 0.059960726369189601, 
        "fit": "parabolic", 
        "value": -0.0019087116306990741
    }, 
    "Ar40": {
        "error": 0.12660322119900641, 
        "fit": "parabolic", 
        "value": 1.8786215887033433
    }, 
    "Ar41": {
        "error": 0.13117096777782059, 
        "fit": "average_SEM", 
        "value": 0.1746569015964633
    }
}