{
    "Ar36": {
        "error": 0.0018628432255481499, 
        "fit": "parabolic", 
        "value": 0.017978050214528803
    }, 
    "Ar37": {
        "error": 0.13824854555138241, 
        "fit": "linear", 
        "value": -0.0081224438761115843
    }, 
    "Ar38": {
        "error": 0.1306362333209056, 
        "fit": "linear", 
        "value": -0.06592629131950592
    }, 
    "Ar39": {
        "error": 0.0035532613852917961, 
        "fit": "parabolic", 
        "value": 0.011511501513993962
    }, 
    "Ar40": {
        "error": 0.12722380669636416, 
        "fit": "parabolic", 
        "value": 5.3767284047744877
    }, 
    "Ar41": {
        "error": 0.13798404726069249, 
        "fit": "average_SEM", 
        "value": -0.026307162106645087
    }
}