{
    "Ar36": {
        "error": 0.0011879807487808398, 
        "fit": "parabolic", 
        "value": 0.0070454813487492857
    }, 
    "Ar37": {
        "error": 0.13374241772407627, 
        "fit": "linear", 
        "value": -0.011144077285538522
    }, 
    "Ar38": {
        "error": 0.12643529393852451, 
        "fit": "linear", 
        "value": -0.067537793678771982
    }, 
    "Ar39": {
        "error": 0.056935341416466202, 
        "fit": "parabolic", 
        "value": -0.0050615584384786317
    }, 
    "Ar40": {
        "error": 0.13247315066747326, 
        "fit": "parabolic", 
        "value": 1.8326713369732457
    }, 
    "Ar41": {
        "error": 0.13913024129945098, 
        "fit": "average_SEM", 
        "value": -0.094320596114266658
    }
}