{
    "CDD": {
        "error": 2.798545227429981e-05, 
        "fit": "average_SEM", 
        "value": 5.182312452234328e-06
    }, 
    "H1": {
        "error": 0.14391695881083108, 
        "fit": "average_SEM", 
        "value": -0.01651388977964719
    }, 
    "H2": {
        "error": 0.13892551386810867, 
        "fit": "average_SEM", 
        "value": -0.07727591838273737
    }, 
    "L1": {
        "error": 0.15345759479091492, 
        "fit": "average_SEM", 
        "value": -0.12550286695024826
    }, 
    "L2": {
        "error": 0.14697773694443456, 
        "fit": "average_SEM", 
        "value": -0.10676272219667832
    }
}