{
    "CDD": {
        "error": 1.6342070495721708e-05, 
        "fit": "average_SEM", 
        "value": 1.7274374840781093e-06
    }, 
    "H1": {
        "error": 0.12614309032205548, 
        "fit": "average_SEM", 
        "value": -0.00409112948885498
    }, 
    "H2": {
        "error": 0.1257159111788502, 
        "fit": "average_SEM", 
        "value": 0.2139868784488903
    }, 
    "L1": {
        "error": 0.16600648770340587, 
        "fit": "average_SEM", 
        "value": -0.11194180411079692
    }, 
    "L2": {
        "error": 0.13372580925081212, 
        "fit": "average_SEM", 
        "value": -0.11419928583782166
    }
}