{
    "AX": {
        "error": 0.058545814448575234, 
        "fit": "average_SEM", 
        "value": -0.009838397536683866
    }, 
    "CDD": {
        "error": 0.00012730637429714687, 
        "fit": "average_SEM", 
        "value": 0.0001230799219532249
    }, 
    "H1": {
        "error": 0.11850132563172944, 
        "fit": "average_SEM", 
        "value": -0.009050540552804402
    }, 
    "H2": {
        "error": 0.14020356348842367, 
        "fit": "average_SEM", 
        "value": -0.07221347159599342
    }, 
    "L1": {
        "error": 0.13458667597963211, 
        "fit": "average_SEM", 
        "value": -0.11893948981305584
    }, 
    "L2": {
        "error": 0.13462233590369893, 
        "fit": "average_SEM", 
        "value": -0.140812548995018
    }
}