{
    "AX": {
        "error": 0.06090053335900574, 
        "fit": "average_SEM", 
        "value": 0.0030103713584821888
    }, 
    "CDD": {
        "error": 0.00015698080177075643, 
        "fit": "average_SEM", 
        "value": 0.00018267651782177078
    }, 
    "H1": {
        "error": 0.12219820543987782, 
        "fit": "average_SEM", 
        "value": -0.0181389841241374
    }, 
    "H2": {
        "error": 0.12734555064737751, 
        "fit": "average_SEM", 
        "value": -0.07401131659286572
    }, 
    "L1": {
        "error": 0.15948048969672732, 
        "fit": "average_SEM", 
        "value": -0.10186335430759451
    }, 
    "L2": {
        "error": 0.12938175486391532, 
        "fit": "average_SEM", 
        "value": -0.10765455138171091
    }
}