{
    "AX": {
        "error": 0.06282364926510575, 
        "fit": "average_SEM", 
        "value": 0.003073718020944701
    }, 
    "CDD": {
        "error": 0.0001136505340306759, 
        "fit": "average_SEM", 
        "value": 9.975951543310657e-05
    }, 
    "H1": {
        "error": 0.13460878242865018, 
        "fit": "average_SEM", 
        "value": -0.024396299939447395
    }, 
    "H2": {
        "error": 0.12399073623219166, 
        "fit": "average_SEM", 
        "value": 0.2228455169359222
    }, 
    "L1": {
        "error": 0.1537002144813217, 
        "fit": "average_SEM", 
        "value": -0.11244674382032827
    }, 
    "L2": {
        "error": 0.12799335079233734, 
        "fit": "average_SEM", 
        "value": -0.11866636297363584
    }
}