{
    "AX": {
        "error": 0.05964424806778703, 
        "fit": "average_SEM", 
        "value": -0.0044013105197033536
    }, 
    "CDD": {
        "error": 0.00016035183941898786, 
        "fit": "average_SEM", 
        "value": 0.00012567107963453358
    }, 
    "H1": {
        "error": 0.11490609813375074, 
        "fit": "average_SEM", 
        "value": -0.004607465106528252
    }, 
    "H2": {
        "error": 0.11840777818493253, 
        "fit": "average_SEM", 
        "value": 0.1864186446405559
    }, 
    "L1": {
        "error": 0.16130675508711845, 
        "fit": "average_SEM", 
        "value": -0.11907868840110798
    }, 
    "L2": {
        "error": 0.13349351359152045, 
        "fit": "average_SEM", 
        "value": -0.10591566504566192
    }
}