{
    "AX": {
        "error": 0.05330862618736041, 
        "fit": "average_SEM", 
        "value": 0.001550375264196191
    }, 
    "CDD": {
        "error": 5.3309682136108735e-05, 
        "fit": "average_SEM", 
        "value": 1.42513592436444e-05
    }, 
    "H1": {
        "error": 0.1163089086674573, 
        "fit": "average_SEM", 
        "value": -0.007992592314258218
    }, 
    "H2": {
        "error": 0.13549808602238744, 
        "fit": "average_SEM", 
        "value": 0.18733725131605752
    }, 
    "L1": {
        "error": 0.14289183073538822, 
        "fit": "average_SEM", 
        "value": -0.08742272622118132
    }, 
    "L2": {
        "error": 0.15648747958802908, 
        "fit": "average_SEM", 
        "value": -0.0986769279617268
    }
}