{
    "AX": {
        "error": 0.055615572414365974, 
        "fit": "average_SEM", 
        "value": -0.0029264549494352346
    }, 
    "CDD": {
        "error": 0.00013241575868873362, 
        "fit": "average_SEM", 
        "value": 0.00014380917200469413
    }, 
    "H1": {
        "error": 0.13556263644270905, 
        "fit": "average_SEM", 
        "value": 0.008905023310338342
    }, 
    "H2": {
        "error": 0.1182788670925703, 
        "fit": "average_SEM", 
        "value": 0.20552052626541506
    }, 
    "L1": {
        "error": 0.15693994652517554, 
        "fit": "average_SEM", 
        "value": -0.10331189334089383
    }, 
    "L2": {
        "error": 0.14081135305009956, 
        "fit": "average_SEM", 
        "value": -0.07710968784134214
    }
}