{
    "AX": {
        "error": 0.06492343550983458, 
        "fit": "average_SEM", 
        "value": -0.006070676457602531
    }, 
    "CDD": {
        "error": 0.00019741091349908846, 
        "fit": "average_SEM", 
        "value": 0.00021247481660490545
    }, 
    "H1": {
        "error": 0.1071881282806431, 
        "fit": "average_SEM", 
        "value": 0.00397286078465792
    }, 
    "H2": {
        "error": 0.10392950450071932, 
        "fit": "average_SEM", 
        "value": 0.21075440042962632
    }, 
    "L1": {
        "error": 0.1555155290304767, 
        "fit": "average_SEM", 
        "value": -0.08143907682582115
    }, 
    "L2": {
        "error": 0.1415299958420991, 
        "fit": "average_SEM", 
        "value": -0.1048120983138991
    }
}