{
    "AX": {
        "error": 0.058214899125793876, 
        "fit": "average_SEM", 
        "value": -0.0027394121869292578
    }, 
    "CDD": {
        "error": 6.352341981037312e-05, 
        "fit": "average_SEM", 
        "value": 2.072924980893731e-05
    }, 
    "H1": {
        "error": 0.12108655206374298, 
        "fit": "average_SEM", 
        "value": 0.019496711285319178
    }, 
    "H2": {
        "error": 0.11029802967175534, 
        "fit": "average_SEM", 
        "value": 0.22683614804118407
    }, 
    "L1": {
        "error": 0.14452665096807946, 
        "fit": "average_SEM", 
        "value": -0.092142732507394
    }, 
    "L2": {
        "error": 0.12690469993321274, 
        "fit": "average_SEM", 
        "value": -0.0770899372140775
    }
}