{
    "AX": {
        "error": 0.05969861828510785, 
        "fit": "average_SEM", 
        "value": -0.0004357621912883284
    }, 
    "CDD": {
        "error": 0.00018361769798933694, 
        "fit": "average_SEM", 
        "value": 0.00018008536329337707
    }, 
    "H1": {
        "error": 0.14587669452913643, 
        "fit": "average_SEM", 
        "value": -0.01435221344842527
    }, 
    "H2": {
        "error": 0.11603211524980034, 
        "fit": "average_SEM", 
        "value": 0.2135304463095963
    }, 
    "L1": {
        "error": 0.15633926686431193, 
        "fit": "average_SEM", 
        "value": -0.11171011015248951
    }, 
    "L2": {
        "error": 0.13377225493365785, 
        "fit": "average_SEM", 
        "value": -0.0777023956955721
    }
}