{
    "AX": {
        "error": 0.061750819391885654, 
        "fit": "average_SEM", 
        "value": -0.003146436590759549
    }, 
    "CDD": {
        "error": 0.00017012918555904584, 
        "fit": "average_SEM", 
        "value": 0.00019433672083929803
    }, 
    "H1": {
        "error": 0.12798653726421058, 
        "fit": "average_SEM", 
        "value": 0.02250572867342271
    }, 
    "H2": {
        "error": 0.11415497395660927, 
        "fit": "average_SEM", 
        "value": 0.2288127225105806
    }, 
    "L1": {
        "error": 0.15970188125758972, 
        "fit": "average_SEM", 
        "value": -0.07477785816530134
    }, 
    "L2": {
        "error": 0.12166325149834958, 
        "fit": "average_SEM", 
        "value": -0.05446217714246207
    }
}