{
    "AX": {
        "error": 0.06017934915558121, 
        "fit": "average_SEM", 
        "value": -0.013805696132718974
    }, 
    "CDD": {
        "error": 0.0001590801106159999, 
        "fit": "average_SEM", 
        "value": 0.00014640032895840704
    }, 
    "H1": {
        "error": 0.10967732542755255, 
        "fit": "average_SEM", 
        "value": 0.02799136206934539
    }, 
    "H2": {
        "error": 0.13587793719038296, 
        "fit": "average_SEM", 
        "value": -0.038758663313637955
    }, 
    "L1": {
        "error": 0.13781137620330525, 
        "fit": "average_SEM", 
        "value": -0.05232639314102319
    }, 
    "L2": {
        "error": 0.13862151867571354, 
        "fit": "average_SEM", 
        "value": -0.022876103311864425
    }
}