{
    "AX": {
        "error": 0.05872233476045024, 
        "fit": "average_SEM", 
        "value": -0.00856091461610049
    }, 
    "CDD": {
        "error": 0.00011664920011942064, 
        "fit": "average_SEM", 
        "value": 9.198604651222316e-05
    }, 
    "H1": {
        "error": 0.10828222194449781, 
        "fit": "average_SEM", 
        "value": 0.027038029150571675
    }, 
    "H2": {
        "error": 0.13982398052291733, 
        "fit": "average_SEM", 
        "value": -0.0632125277509355
    }, 
    "L1": {
        "error": 0.12140597542626051, 
        "fit": "average_SEM", 
        "value": -0.04895364289307812
    }, 
    "L2": {
        "error": 0.13540166249682323, 
        "fit": "average_SEM", 
        "value": -0.03199775729735847
    }
}