{
    "AX": {
        "error": 0.05838096047708488, 
        "fit": "average_SEM", 
        "value": -0.005845920720457798
    }, 
    "CDD": {
        "error": 0.00022124446755460275, 
        "fit": "average_SEM", 
        "value": 0.0003096431823602567
    }, 
    "H1": {
        "error": 0.12910119229088293, 
        "fit": "average_SEM", 
        "value": 0.021226222524031377
    }, 
    "H2": {
        "error": 0.1426019622646926, 
        "fit": "average_SEM", 
        "value": -0.08733847739640624
    }, 
    "L1": {
        "error": 0.13498701539051214, 
        "fit": "average_SEM", 
        "value": -0.056188305146739975
    }, 
    "L2": {
        "error": 0.13968504637591647, 
        "fit": "average_SEM", 
        "value": -0.031222817955616242
    }
}