{
    "AX": {
        "error": 0.05775787870477268, 
        "fit": "average_SEM", 
        "value": -0.003170654201191307
    }, 
    "CDD": {
        "error": 7.892319428445139e-05, 
        "fit": "average_SEM", 
        "value": 5.182312452234328e-05
    }, 
    "H1": {
        "error": 0.12741446960100983, 
        "fit": "average_SEM", 
        "value": 0.016845769435167312
    }, 
    "H2": {
        "error": 0.14633953611906317, 
        "fit": "average_SEM", 
        "value": -0.08230309320691352
    }, 
    "L1": {
        "error": 0.11645965504871816, 
        "fit": "average_SEM", 
        "value": -0.044394704225783246
    }, 
    "L2": {
        "error": 0.12919261244101135, 
        "fit": "average_SEM", 
        "value": -0.006191604751317452
    }
}