{
    "AX": {
        "error": 0.052822943219004576, 
        "fit": "average_SEM", 
        "value": -0.0002595640672855855
    }, 
    "CDD": {
        "error": 0.00015435489074245066, 
        "fit": "average_SEM", 
        "value": 0.0001321489704423584
    }, 
    "H1": {
        "error": 0.12885636934450245, 
        "fit": "average_SEM", 
        "value": 0.02858155187847539
    }, 
    "H2": {
        "error": 0.15463021040025515, 
        "fit": "average_SEM", 
        "value": -0.07331343849897773
    }, 
    "L1": {
        "error": 0.12903488878754107, 
        "fit": "average_SEM", 
        "value": -0.03385935133167853
    }, 
    "L2": {
        "error": 0.1292297289161427, 
        "fit": "average_SEM", 
        "value": -0.010899484107115616
    }
}