{
    "AX": {
        "error": 0.06519210622955844, 
        "fit": "average_SEM", 
        "value": -0.0037788177112815903
    }, 
    "CDD": {
        "error": 0.0001214268586548136, 
        "fit": "average_SEM", 
        "value": 9.457720298087225e-05
    }, 
    "H1": {
        "error": 0.13414063401958953, 
        "fit": "average_SEM", 
        "value": 0.03738362977067785
    }, 
    "H2": {
        "error": 0.1422877727074282, 
        "fit": "average_SEM", 
        "value": -0.06319857225171291
    }, 
    "L1": {
        "error": 0.13586498647943934, 
        "fit": "average_SEM", 
        "value": -0.0604010764703465
    }, 
    "L2": {
        "error": 0.1255224614179389, 
        "fit": "average_SEM", 
        "value": -0.024237799982074648
    }
}