{
    "AX": {
        "error": 0.06104858460354696, 
        "fit": "average_SEM", 
        "value": 0.004102695592640278
    }, 
    "CDD": {
        "error": 0.00019367146902219906, 
        "fit": "average_SEM", 
        "value": 0.0002072925039101392
    }, 
    "H1": {
        "error": 0.14002663775839624, 
        "fit": "average_SEM", 
        "value": 0.015401521100041766
    }, 
    "H2": {
        "error": 0.15087274008508605, 
        "fit": "average_SEM", 
        "value": -0.11137955088051968
    }, 
    "L1": {
        "error": 0.12789799973692745, 
        "fit": "average_SEM", 
        "value": -0.06672627674342949
    }, 
    "L2": {
        "error": 0.14480860317164077, 
        "fit": "average_SEM", 
        "value": -0.04229816454705239
    }
}