{
    "AX": {
        "error": 0.05518971762671724, 
        "fit": "average_SEM", 
        "value": -0.0015578647027723492
    }, 
    "CDD": {
        "error": 0.00019850110805090393, 
        "fit": "average_SEM", 
        "value": 0.00023449964598209287
    }, 
    "H1": {
        "error": 0.10948462047807006, 
        "fit": "average_SEM", 
        "value": 0.020892631413880737
    }, 
    "H2": {
        "error": 0.1406573533377451, 
        "fit": "average_SEM", 
        "value": -0.08890062572318129
    }, 
    "L1": {
        "error": 0.12568943483289727, 
        "fit": "average_SEM", 
        "value": -0.05209655773408788
    }, 
    "L2": {
        "error": 0.13510978111887376, 
        "fit": "average_SEM", 
        "value": -0.03756813634536229
    }
}