{
    "AX": {
        "error": 0.054949809968520245, 
        "fit": "average_SEM", 
        "value": -0.0009423526915876816
    }, 
    "CDD": {
        "error": 0.00015989200750930453, 
        "fit": "average_SEM", 
        "value": 0.00017619862725647787
    }, 
    "H1": {
        "error": 0.1182408583042131, 
        "fit": "average_SEM", 
        "value": 0.01227042883328977
    }, 
    "H2": {
        "error": 0.12888472736284667, 
        "fit": "average_SEM", 
        "value": -0.07076939938997384
    }, 
    "L1": {
        "error": 0.12455710732339025, 
        "fit": "average_SEM", 
        "value": -0.06421464264955527
    }, 
    "L2": {
        "error": 0.13318282003563475, 
        "fit": "average_SEM", 
        "value": -0.008852751487089942
    }
}