{
    "AX": {
        "error": 0.05864505150547149, 
        "fit": "average_SEM", 
        "value": -0.049587377091261764
    }, 
    "CDD": {
        "error": 3.397827997520371e-05, 
        "fit": "average_SEM", 
        "value": 7.773468678351491e-06
    }, 
    "H1": {
        "error": 0.122166176700204, 
        "fit": "average_SEM", 
        "value": -0.0044029734388459476
    }, 
    "H2": {
        "error": 0.15378648142776088, 
        "fit": "average_SEM", 
        "value": -0.37929866150435476
    }, 
    "L1": {
        "error": 0.1642843079053188, 
        "fit": "average_SEM", 
        "value": -0.08399481261310737
    }, 
    "L2": {
        "error": 0.14391960055783903, 
        "fit": "average_SEM", 
        "value": -0.013007080717943608
    }
}