{
    "AX": {
        "error": 0.06203541536055132, 
        "fit": "average_SEM", 
        "value": -0.047109526259656476
    }, 
    "CDD": {
        "error": 3.2128562710148566e-05, 
        "fit": "average_SEM", 
        "value": 6.909749936312437e-06
    }, 
    "H1": {
        "error": 0.13658625307225053, 
        "fit": "average_SEM", 
        "value": -0.01607999565765365
    }, 
    "H2": {
        "error": 0.13297734415180676, 
        "fit": "average_SEM", 
        "value": -0.3666577166153325
    }, 
    "L1": {
        "error": 0.18373292069502348, 
        "fit": "average_SEM", 
        "value": -0.09747703777652027
    }, 
    "L2": {
        "error": 0.14548712028520014, 
        "fit": "average_SEM", 
        "value": -0.011075265156169837
    }
}