{
    "AX": {
        "error": 0.05874435693544878, 
        "fit": "average_SEM", 
        "value": -0.009199090693437028
    }, 
    "CDD": {
        "error": 0.00014589310277266944, 
        "fit": "average_SEM", 
        "value": 0.00014899148518452421
    }, 
    "H1": {
        "error": 0.1216603419651647, 
        "fit": "average_SEM", 
        "value": 0.017780858213761044
    }, 
    "H2": {
        "error": 0.13786133932877964, 
        "fit": "average_SEM", 
        "value": -0.07439163198384145
    }, 
    "L1": {
        "error": 0.1323228070906214, 
        "fit": "average_SEM", 
        "value": -0.038885040793199245
    }, 
    "L2": {
        "error": 0.12163670656755099, 
        "fit": "average_SEM", 
        "value": -0.0036077851545996964
    }
}