{
    "AX": {
        "error": 0.06471775512823269, 
        "fit": "average_SEM", 
        "value": 0.002923982150484032
    }, 
    "CDD": {
        "error": 0.0001487425314665617, 
        "fit": "average_SEM", 
        "value": 0.00015935611008899286
    }, 
    "H1": {
        "error": 0.1375245704886745, 
        "fit": "average_SEM", 
        "value": -0.0016839289853426938
    }, 
    "H2": {
        "error": 0.15064595519205162, 
        "fit": "average_SEM", 
        "value": -0.09003994696055694
    }, 
    "L1": {
        "error": 0.1403336001408225, 
        "fit": "average_SEM", 
        "value": -0.04431488768314011
    }, 
    "L2": {
        "error": 0.1332708505124653, 
        "fit": "average_SEM", 
        "value": -0.03871710572372346
    }
}