{
    "AX": {
        "error": 0.054312959269291326, 
        "fit": "average_SEM", 
        "value": 0.0012054124682132775
    }, 
    "CDD": {
        "error": 0.00018424346906865342, 
        "fit": "average_SEM", 
        "value": 0.00017490304987101505
    }, 
    "H1": {
        "error": 0.12963748908431574, 
        "fit": "average_SEM", 
        "value": 0.024329878100252243
    }, 
    "H2": {
        "error": 0.1438585030107792, 
        "fit": "average_SEM", 
        "value": -0.08898993787588552
    }, 
    "L1": {
        "error": 0.12364792895958138, 
        "fit": "average_SEM", 
        "value": -0.07133433136429328
    }, 
    "L2": {
        "error": 0.14111023413151066, 
        "fit": "average_SEM", 
        "value": -0.02628713716985658
    }
}