{
    "AX": {
        "error": 0.05636159815984922, 
        "fit": "average_SEM", 
        "value": 0.008079098907061658
    }, 
    "CDD": {
        "error": 0.00012301257551900662, 
        "fit": "average_SEM", 
        "value": 0.00011660203066033621
    }, 
    "H1": {
        "error": 0.12629272465526087, 
        "fit": "average_SEM", 
        "value": 0.016951878387772013
    }, 
    "H2": {
        "error": 0.13178355831786354, 
        "fit": "average_SEM", 
        "value": -0.09589509947303061
    }, 
    "L1": {
        "error": 0.12714319547384215, 
        "fit": "average_SEM", 
        "value": -0.0653415554043022
    }, 
    "L2": {
        "error": 0.15642721329560652, 
        "fit": "average_SEM", 
        "value": -0.054421639673940564
    }
}