{
    "AX": {
        "error": 0.05923659493184266, 
        "fit": "average_SEM", 
        "value": 0.003036734608394909
    }, 
    "CDD": {
        "error": 0.0001627251465094616, 
        "fit": "average_SEM", 
        "value": 0.0001891544086295956
    }, 
    "H1": {
        "error": 0.13523783525835378, 
        "fit": "average_SEM", 
        "value": 0.03278814076911658
    }, 
    "H2": {
        "error": 0.14855176125519384, 
        "fit": "average_SEM", 
        "value": -0.088595391695344
    }, 
    "L1": {
        "error": 0.12423331209227637, 
        "fit": "average_SEM", 
        "value": -0.06233422624063678
    }, 
    "L2": {
        "error": 0.15386235088293995, 
        "fit": "average_SEM", 
        "value": -0.01633530578110367
    }
}