{
    "AX": {
        "error": 0.056319283057479796, 
        "fit": "average_SEM", 
        "value": -0.007486897650718068
    }, 
    "CDD": {
        "error": 0.00015944677243070966, 
        "fit": "average_SEM", 
        "value": 0.00016842515833559446
    }, 
    "H1": {
        "error": 0.12831006597924696, 
        "fit": "average_SEM", 
        "value": 0.03198299459181726
    }, 
    "H2": {
        "error": 0.13951742829175617, 
        "fit": "average_SEM", 
        "value": -0.08108816919460272
    }, 
    "L1": {
        "error": 0.11901487425313051, 
        "fit": "average_SEM", 
        "value": -0.052505549856383976
    }, 
    "L2": {
        "error": 0.13488106020461202, 
        "fit": "average_SEM", 
        "value": -0.01256447170132257
    }
}