{
    "AX": {
        "error": 0.060346865013095045, 
        "fit": "average_SEM", 
        "value": -0.0036960208636931686
    }, 
    "CDD": {
        "error": 0.00017038269709694834, 
        "fit": "average_SEM", 
        "value": 0.00015935611130165248
    }, 
    "H1": {
        "error": 0.1180631620073119, 
        "fit": "average_SEM", 
        "value": 0.009177488463077072
    }, 
    "H2": {
        "error": 0.13651868543134926, 
        "fit": "average_SEM", 
        "value": -0.08047056643020672
    }, 
    "L1": {
        "error": 0.12982393366150183, 
        "fit": "average_SEM", 
        "value": -0.06094643293145054
    }, 
    "L2": {
        "error": 0.1376948836439647, 
        "fit": "average_SEM", 
        "value": -0.0372703585096436
    }
}