{
    "AX": {
        "error": 0.062439410026752254, 
        "fit": "average_SEM", 
        "value": -0.0013506479182979092
    }, 
    "CDD": {
        "error": 0.00018625362495201464, 
        "fit": "average_SEM", 
        "value": 0.00020081461407244204
    }, 
    "H1": {
        "error": 0.12434710119796483, 
        "fit": "average_SEM", 
        "value": -0.008608381098141157
    }, 
    "H2": {
        "error": 0.12777576950913117, 
        "fit": "average_SEM", 
        "value": -0.09597093523965063
    }, 
    "L1": {
        "error": 0.12058595298721317, 
        "fit": "average_SEM", 
        "value": -0.07168392972865452
    }, 
    "L2": {
        "error": 0.1188211161798972, 
        "fit": "average_SEM", 
        "value": -0.027406867339353387
    }
}