{
    "AX": {
        "error": 0.058195429872444186, 
        "fit": "average_SEM", 
        "value": 0.0004694731867251297
    }, 
    "CDD": {
        "error": 0.00014274995071598064, 
        "fit": "average_SEM", 
        "value": 0.00010494182885546858
    }, 
    "H1": {
        "error": 0.13086087546990238, 
        "fit": "average_SEM", 
        "value": 0.004812806454234912
    }, 
    "H2": {
        "error": 0.12935688485845095, 
        "fit": "average_SEM", 
        "value": -0.08943503092547568
    }, 
    "L1": {
        "error": 0.11273965413299375, 
        "fit": "average_SEM", 
        "value": -0.07541645306131008
    }, 
    "L2": {
        "error": 0.12342244956090039, 
        "fit": "average_SEM", 
        "value": -0.060394238854253976
    }
}