{
    "AX": {
        "error": 0.048230317354068505, 
        "fit": "average_SEM", 
        "value": -0.0011975507637544069
    }, 
    "CDD": {
        "error": 0.00014201885418350918, 
        "fit": "average_SEM", 
        "value": 0.00013214896898716688
    }, 
    "H1": {
        "error": 0.11545048318859151, 
        "fit": "average_SEM", 
        "value": -0.004731843806803226
    }, 
    "H2": {
        "error": 0.14181962818845872, 
        "fit": "average_SEM", 
        "value": -0.09523021910572424
    }, 
    "L1": {
        "error": 0.12938196771805743, 
        "fit": "average_SEM", 
        "value": -0.07190747103886679
    }, 
    "L2": {
        "error": 0.1366110492857145, 
        "fit": "average_SEM", 
        "value": -0.04321209957973527
    }
}