{
    "AX": {
        "error": 0.055132268629023776, 
        "fit": "average_SEM", 
        "value": -0.0026584126782457436
    }, 
    "CDD": {
        "error": 0.00017952057885520654, 
        "fit": "average_SEM", 
        "value": 0.00018138094043630796
    }, 
    "H1": {
        "error": 0.12868815929420263, 
        "fit": "average_SEM", 
        "value": 0.004758641301305033
    }, 
    "H2": {
        "error": 0.15029907559079, 
        "fit": "average_SEM", 
        "value": -0.08926041946882227
    }, 
    "L1": {
        "error": 0.11426892712005321, 
        "fit": "average_SEM", 
        "value": -0.05902222445959827
    }, 
    "L2": {
        "error": 0.15289983622276676, 
        "fit": "average_SEM", 
        "value": -0.03323535663269771
    }
}