{
    "AX": {
        "error": 0.06121528783267622, 
        "fit": "average_SEM", 
        "value": 0.002612649452930782
    }, 
    "CDD": {
        "error": 0.00017684172705541333, 
        "fit": "average_SEM", 
        "value": 0.0002047013471989582
    }, 
    "H1": {
        "error": 0.13679427057089327, 
        "fit": "average_SEM", 
        "value": -0.005305288330418989
    }, 
    "H2": {
        "error": 0.1346737083253643, 
        "fit": "average_SEM", 
        "value": -0.10002942009208103
    }, 
    "L1": {
        "error": 0.13156750624364538, 
        "fit": "average_SEM", 
        "value": -0.07088561069964877
    }, 
    "L2": {
        "error": 0.13131947125334006, 
        "fit": "average_SEM", 
        "value": -0.04729382708295209
    }
}