{
    "AX": {
        "error": 0.06046258078948745, 
        "fit": "average_SEM", 
        "value": -0.0020965098306381454
    }, 
    "CDD": {
        "error": 0.00016595406291971773, 
        "fit": "average_SEM", 
        "value": 0.0001723118924322383
    }, 
    "H1": {
        "error": 0.13013984965163236, 
        "fit": "average_SEM", 
        "value": -0.008185301220510154
    }, 
    "H2": {
        "error": 0.12967099005464344, 
        "fit": "average_SEM", 
        "value": -0.10124821158812362
    }, 
    "L1": {
        "error": 0.11908763909371307, 
        "fit": "average_SEM", 
        "value": -0.07321268389629647
    }, 
    "L2": {
        "error": 0.14557659638620182, 
        "fit": "average_SEM", 
        "value": -0.038083656264158584
    }
}