{
    "AX": {
        "error": 0.051717558733730185, 
        "fit": "average_SEM", 
        "value": -0.005471141412029586
    }, 
    "CDD": {
        "error": 0.00012934424989123494, 
        "fit": "average_SEM", 
        "value": 0.00011141971893569765
    }, 
    "H1": {
        "error": 0.13158631045518493, 
        "fit": "average_SEM", 
        "value": -0.007085661494117327
    }, 
    "H2": {
        "error": 0.11097574538574323, 
        "fit": "average_SEM", 
        "value": -0.10690261723163227
    }, 
    "L1": {
        "error": 0.12940513236731502, 
        "fit": "average_SEM", 
        "value": -0.08148021198503556
    }, 
    "L2": {
        "error": 0.14675031218027143, 
        "fit": "average_SEM", 
        "value": -0.04905792514158141
    }
}