{
    "AX": {
        "error": 0.05470254693831267, 
        "fit": "average_SEM", 
        "value": -0.005694241008798903
    }, 
    "CDD": {
        "error": 0.00012934424790204743, 
        "fit": "average_SEM", 
        "value": 0.00012178434335510246
    }, 
    "H1": {
        "error": 0.1199838852440069, 
        "fit": "average_SEM", 
        "value": 0.002981848609366959
    }, 
    "H2": {
        "error": 0.11967991906482259, 
        "fit": "average_SEM", 
        "value": -0.10297848688642261
    }, 
    "L1": {
        "error": 0.12856335397440402, 
        "fit": "average_SEM", 
        "value": -0.07346463592790921
    }, 
    "L2": {
        "error": 0.14422181030299738, 
        "fit": "average_SEM", 
        "value": -0.02760674107800393
    }
}