{
    "AX": {
        "error": 0.05056819314046219, 
        "fit": "average_SEM", 
        "value": 0.002062739699492037
    }, 
    "CDD": {
        "error": 0.0001581410096491005, 
        "fit": "average_SEM", 
        "value": 0.0001749030481732916
    }, 
    "H1": {
        "error": 0.12652027444172062, 
        "fit": "average_SEM", 
        "value": -0.010062522686166631
    }, 
    "H2": {
        "error": 0.12430588672126774, 
        "fit": "average_SEM", 
        "value": -0.1105581515507462
    }, 
    "L1": {
        "error": 0.1241938021707183, 
        "fit": "average_SEM", 
        "value": -0.09101885780595088
    }, 
    "L2": {
        "error": 0.13113496653921305, 
        "fit": "average_SEM", 
        "value": -0.07789964961314884
    }
}