{
    "AX": {
        "error": 0.05526859455786422, 
        "fit": "average_SEM", 
        "value": -0.002333243291650433
    }, 
    "CDD": {
        "error": 0.0002628395272166133, 
        "fit": "average_SEM", 
        "value": 0.0003692397791989303
    }, 
    "H1": {
        "error": 0.13351794825577876, 
        "fit": "average_SEM", 
        "value": 0.005772539709869307
    }, 
    "H2": {
        "error": 0.1257691345586976, 
        "fit": "average_SEM", 
        "value": -0.09654117599323703
    }, 
    "L1": {
        "error": 0.11650509267298423, 
        "fit": "average_SEM", 
        "value": -0.07808179059453929
    }, 
    "L2": {
        "error": 0.13475239204418818, 
        "fit": "average_SEM", 
        "value": -0.06076719048433006
    }
}