{
    "AX": {
        "error": 0.0650230404690815, 
        "fit": "average_SEM", 
        "value": -0.004133464269398246
    }, 
    "CDD": {
        "error": 0.00015149370746165482, 
        "fit": "average_SEM", 
        "value": 0.00015417379812182236
    }, 
    "H1": {
        "error": 0.11610783878373511, 
        "fit": "average_SEM", 
        "value": 0.016466001452014704
    }, 
    "H2": {
        "error": 0.10059268921759851, 
        "fit": "average_SEM", 
        "value": -0.06546264927019366
    }, 
    "L1": {
        "error": 0.13376827346395487, 
        "fit": "average_SEM", 
        "value": -0.0601182314150113
    }, 
    "L2": {
        "error": 0.14014615896755625, 
        "fit": "average_SEM", 
        "value": -0.04098289370303974
    }
}