{
    "AX": {
        "error": 0.05985969923250006, 
        "fit": "average_SEM", 
        "value": -0.005641807848830164
    }, 
    "CDD": {
        "error": 5.542670476445915e-05, 
        "fit": "average_SEM", 
        "value": 1.943367169587873e-05
    }, 
    "H1": {
        "error": 0.1387675534255031, 
        "fit": "average_SEM", 
        "value": 0.022266832436434923
    }, 
    "H2": {
        "error": 0.1371282717583751, 
        "fit": "average_SEM", 
        "value": -0.07942801875178702
    }, 
    "L1": {
        "error": 0.11520802799388902, 
        "fit": "average_SEM", 
        "value": -0.05235442778163512
    }, 
    "L2": {
        "error": 0.14485828116580549, 
        "fit": "average_SEM", 
        "value": -0.029317458412454773
    }
}