{
    "AX": {
        "error": 0.061499868074906046, 
        "fit": "average_SEM", 
        "value": 0.0016145129658980295
    }, 
    "CDD": {
        "error": 0.00011434097139788164, 
        "fit": "average_SEM", 
        "value": 9.587278036633506e-05
    }, 
    "H1": {
        "error": 0.13147888776453828, 
        "fit": "average_SEM", 
        "value": 0.01473933496211733
    }, 
    "H2": {
        "error": 0.1285874783594168, 
        "fit": "average_SEM", 
        "value": -0.09177318380291884
    }, 
    "L1": {
        "error": 0.12029225906654463, 
        "fit": "average_SEM", 
        "value": -0.06615770226732517
    }, 
    "L2": {
        "error": 0.13687401537759708, 
        "fit": "average_SEM", 
        "value": -0.034829406970432804
    }
}