{
    "AX": {
        "error": 0.06376211601380874, 
        "fit": "average_SEM", 
        "value": -0.003324951102695195
    }, 
    "CDD": {
        "error": 0.00017508622484266627, 
        "fit": "average_SEM", 
        "value": 0.00015158264189570522
    }, 
    "H1": {
        "error": 0.13719684708089067, 
        "fit": "average_SEM", 
        "value": 0.024550574450404383
    }, 
    "H2": {
        "error": 0.13301781292919232, 
        "fit": "average_SEM", 
        "value": -0.10172420461118842
    }, 
    "L1": {
        "error": 0.1244325038649634, 
        "fit": "average_SEM", 
        "value": -0.06289696309977444
    }, 
    "L2": {
        "error": 0.1465291448727797, 
        "fit": "average_SEM", 
        "value": -0.019445179339406118
    }
}