{
    "AX": {
        "error": 0.05541410443588624, 
        "fit": "average_SEM", 
        "value": -0.005531818251377748
    }, 
    "CDD": {
        "error": 0.00014890744477076212, 
        "fit": "average_SEM", 
        "value": 0.0001425135948617632
    }, 
    "H1": {
        "error": 0.1222241745660546, 
        "fit": "average_SEM", 
        "value": 0.02674434319184608
    }, 
    "H2": {
        "error": 0.12138583574272963, 
        "fit": "average_SEM", 
        "value": -0.06734188776123726
    }, 
    "L1": {
        "error": 0.12483222757637184, 
        "fit": "average_SEM", 
        "value": -0.06752383226994425
    }, 
    "L2": {
        "error": 0.14002554262500624, 
        "fit": "average_SEM", 
        "value": -0.01886041563144924
    }
}