{
    "AX": {
        "error": 0.0539207037233795, 
        "fit": "average_SEM", 
        "value": 0.0009868067262383798
    }, 
    "CDD": {
        "error": 0.00013366892319805902, 
        "fit": "average_SEM", 
        "value": 0.00012696665629240064
    }, 
    "H1": {
        "error": 0.12622086008490985, 
        "fit": "average_SEM", 
        "value": 0.01506447641052849
    }, 
    "H2": {
        "error": 0.14121174510759793, 
        "fit": "average_SEM", 
        "value": -0.07865069090087976
    }, 
    "L1": {
        "error": 0.13191396340206005, 
        "fit": "average_SEM", 
        "value": -0.051965811361636347
    }, 
    "L2": {
        "error": 0.13230598813073555, 
        "fit": "average_SEM", 
        "value": -0.014462305684476935
    }
}