{
    "AX": {
        "error": 0.06203528562328304, 
        "fit": "average_SEM", 
        "value": -0.005833945945172067
    }, 
    "CDD": {
        "error": 0.00016958609421817048, 
        "fit": "average_SEM", 
        "value": 0.00017231189315983404
    }, 
    "H1": {
        "error": 0.12704386289785324, 
        "fit": "average_SEM", 
        "value": 0.02544781861070078
    }, 
    "H2": {
        "error": 0.12650320228554382, 
        "fit": "average_SEM", 
        "value": -0.0728866939394114
    }, 
    "L1": {
        "error": 0.11560901796623439, 
        "fit": "average_SEM", 
        "value": -0.08141493643537008
    }, 
    "L2": {
        "error": 0.1251455014008166, 
        "fit": "average_SEM", 
        "value": -0.035406275025646514
    }
}