{
    "AX": {
        "error": 0.05737749799746919, 
        "fit": "average_SEM", 
        "value": -0.0026541737548541277
    }, 
    "CDD": {
        "error": 0.00020814540063334602, 
        "fit": "average_SEM", 
        "value": 0.00017878978518031847
    }, 
    "H1": {
        "error": 0.12587202991251162, 
        "fit": "average_SEM", 
        "value": 0.017704023465436574
    }, 
    "H2": {
        "error": 0.14860046965168439, 
        "fit": "average_SEM", 
        "value": -0.07242197799841961
    }, 
    "L1": {
        "error": 0.12552055844306806, 
        "fit": "average_SEM", 
        "value": -0.05419108424903243
    }, 
    "L2": {
        "error": 0.13508931977463395, 
        "fit": "average_SEM", 
        "value": -0.01866311244230019
    }
}