{
    "AX": {
        "error": 0.05614845369455875, 
        "fit": "average_SEM", 
        "value": 0.010416251783802484
    }, 
    "CDD": {
        "error": 0.00016701143012307206, 
        "fit": "average_SEM", 
        "value": 0.0001826765180643027
    }, 
    "H1": {
        "error": 0.11848635849209949, 
        "fit": "average_SEM", 
        "value": 0.0044483986280586885
    }, 
    "H2": {
        "error": 0.12034780814919653, 
        "fit": "average_SEM", 
        "value": -0.0926406531255149
    }, 
    "L1": {
        "error": 0.12549471764540304, 
        "fit": "average_SEM", 
        "value": -0.0699474212519514
    }, 
    "L2": {
        "error": 0.14362074542593026, 
        "fit": "average_SEM", 
        "value": -0.043198849424758615
    }
}