{
    "AX": {
        "error": 0.05586113467498929, 
        "fit": "average_SEM", 
        "value": -0.00043628373135978413
    }, 
    "CDD": {
        "error": 0.0001791241408468372, 
        "fit": "average_SEM", 
        "value": 0.00020470134695642627
    }, 
    "H1": {
        "error": 0.14224102710366474, 
        "fit": "average_SEM", 
        "value": 0.018196492849771553
    }, 
    "H2": {
        "error": 0.1341640251113829, 
        "fit": "average_SEM", 
        "value": -0.0726001606026936
    }, 
    "L1": {
        "error": 0.1386508273667015, 
        "fit": "average_SEM", 
        "value": -0.07923447775635092
    }, 
    "L2": {
        "error": 0.1436999896051543, 
        "fit": "average_SEM", 
        "value": -0.009753953840117902
    }
}