{
    "AX": {
        "error": 0.057230727162054955, 
        "fit": "average_SEM", 
        "value": 0.0004578829967310109
    }, 
    "CDD": {
        "error": 0.00015256253817394616, 
        "fit": "average_SEM", 
        "value": 0.00013344454807035316
    }, 
    "H1": {
        "error": 0.13282219219925878, 
        "fit": "average_SEM", 
        "value": 0.0014108363129707868
    }, 
    "H2": {
        "error": 0.13721449302377214, 
        "fit": "average_SEM", 
        "value": -0.05839988801356715
    }, 
    "L1": {
        "error": 0.12953723986563656, 
        "fit": "average_SEM", 
        "value": -0.05672660904043975
    }, 
    "L2": {
        "error": 0.1464500418421284, 
        "fit": "average_SEM", 
        "value": -0.00860993521103713
    }
}