{
    "AX": {
        "error": 0.06026557232796961, 
        "fit": "average_SEM", 
        "value": -0.0013260951589245452
    }, 
    "CDD": {
        "error": 0.00013394089781064796, 
        "fit": "average_SEM", 
        "value": 0.00010494182861293666
    }, 
    "H1": {
        "error": 0.12146041166459358, 
        "fit": "average_SEM", 
        "value": 0.014585699157517713
    }, 
    "H2": {
        "error": 0.1305308987946567, 
        "fit": "average_SEM", 
        "value": -0.09234888292072961
    }, 
    "L1": {
        "error": 0.1319398117070974, 
        "fit": "average_SEM", 
        "value": -0.042584990266671716
    }, 
    "L2": {
        "error": 0.12694919505279417, 
        "fit": "average_SEM", 
        "value": -0.024213011414394713
    }
}