{
    "AX": {
        "error": 0.05645596002035872, 
        "fit": "average_SEM", 
        "value": 0.0019046887590472275
    }, 
    "CDD": {
        "error": 0.0001253029014130511, 
        "fit": "average_SEM", 
        "value": 0.000101055094031229
    }, 
    "H1": {
        "error": 0.12991760809439024, 
        "fit": "average_SEM", 
        "value": 0.011973697503951069
    }, 
    "H2": {
        "error": 0.12746676943669785, 
        "fit": "average_SEM", 
        "value": -0.09363768317271023
    }, 
    "L1": {
        "error": 0.12481944512985568, 
        "fit": "average_SEM", 
        "value": -0.060015156853357135
    }, 
    "L2": {
        "error": 0.1382817829049185, 
        "fit": "average_SEM", 
        "value": -0.04795446591324435
    }
}