{
    "AX": {
        "error": 0.052121963936323776, 
        "fit": "average_SEM", 
        "value": 0.0001832422063065072
    }, 
    "CDD": {
        "error": 0.0001768177968695797, 
        "fit": "average_SEM", 
        "value": 0.0001982234556635376
    }, 
    "H1": {
        "error": 0.13754698551380826, 
        "fit": "average_SEM", 
        "value": 0.01695942465836803
    }, 
    "H2": {
        "error": 0.13276604211336965, 
        "fit": "average_SEM", 
        "value": -0.09683380079610894
    }, 
    "L1": {
        "error": 0.12378570987385497, 
        "fit": "average_SEM", 
        "value": -0.05227810100332135
    }, 
    "L2": {
        "error": 0.1385591572504621, 
        "fit": "average_SEM", 
        "value": -0.01608924069926919
    }
}