{
    "AX": {
        "error": 0.05995680729738278, 
        "fit": "average_SEM", 
        "value": -0.007007088993365566
    }, 
    "CDD": {
        "error": 0.00016394279584469585, 
        "fit": "average_SEM", 
        "value": 0.00016712957949494012
    }, 
    "H1": {
        "error": 0.12768006682733885, 
        "fit": "average_SEM", 
        "value": -0.003790780036736881
    }, 
    "H2": {
        "error": 0.14589309954307816, 
        "fit": "average_SEM", 
        "value": -0.09989462207110288
    }, 
    "L1": {
        "error": 0.12344476136676195, 
        "fit": "average_SEM", 
        "value": -0.06639993813732872
    }, 
    "L2": {
        "error": 0.13493705479886972, 
        "fit": "average_SEM", 
        "value": -0.046373361394701836
    }
}