{
    "AX": {
        "error": 0.06199951239699533, 
        "fit": "average_SEM", 
        "value": -0.0029015588899104234
    }, 
    "CDD": {
        "error": 0.00013338370400559933, 
        "fit": "average_SEM", 
        "value": 0.00010753298435398999
    }, 
    "H1": {
        "error": 0.12134551789603519, 
        "fit": "average_SEM", 
        "value": -0.007134068259741374
    }, 
    "H2": {
        "error": 0.13802420241305544, 
        "fit": "average_SEM", 
        "value": -0.10164927995453278
    }, 
    "L1": {
        "error": 0.12278509162049088, 
        "fit": "average_SEM", 
        "value": -0.08604955525678785
    }, 
    "L2": {
        "error": 0.1272774079574511, 
        "fit": "average_SEM", 
        "value": -0.05347484342443446
    }
}