{
    "AX": {
        "error": 0.05674521712171067, 
        "fit": "average_SEM", 
        "value": -0.0066225840266270096
    }, 
    "CDD": {
        "error": 0.00020553905900483823, 
        "fit": "average_SEM", 
        "value": 0.00023190849072610338
    }, 
    "H1": {
        "error": 0.1290617924301042, 
        "fit": "average_SEM", 
        "value": 0.009649759349607242
    }, 
    "H2": {
        "error": 0.1431089159812589, 
        "fit": "average_SEM", 
        "value": -0.08025849552068394
    }, 
    "L1": {
        "error": 0.1272781904753818, 
        "fit": "average_SEM", 
        "value": -0.08903112495560588
    }, 
    "L2": {
        "error": 0.13907791512637976, 
        "fit": "average_SEM", 
        "value": -0.033192165472428314
    }
}