{
    "AX": {
        "error": 0.061997771323843334, 
        "fit": "average_SEM", 
        "value": 0.004852550172896978
    }, 
    "CDD": {
        "error": 0.0001061420347230158, 
        "fit": "average_SEM", 
        "value": 8.809931217304742e-05
    }, 
    "H1": {
        "error": 0.13410261102291293, 
        "fit": "average_SEM", 
        "value": 0.037135730363903954
    }, 
    "H2": {
        "error": 0.13971220486765049, 
        "fit": "average_SEM", 
        "value": -0.07517523161222925
    }, 
    "L1": {
        "error": 0.14433495366627744, 
        "fit": "average_SEM", 
        "value": -0.07585646448036035
    }, 
    "L2": {
        "error": 0.12647531641693774, 
        "fit": "average_SEM", 
        "value": -0.041593879216816274
    }
}