{
    "AX": {
        "error": 0.06109253896338583, 
        "fit": "average_SEM", 
        "value": 0.005790818626216302
    }, 
    "CDD": {
        "error": 6.261091093897388e-05, 
        "fit": "average_SEM", 
        "value": 2.3320406035054476e-05
    }, 
    "H1": {
        "error": 0.12653360330498947, 
        "fit": "average_SEM", 
        "value": 0.00305596264564277
    }, 
    "H2": {
        "error": 0.13998106618805256, 
        "fit": "average_SEM", 
        "value": -0.08326370134018361
    }, 
    "L1": {
        "error": 0.11504492640316052, 
        "fit": "average_SEM", 
        "value": -0.07254912305312852
    }, 
    "L2": {
        "error": 0.12546200475936492, 
        "fit": "average_SEM", 
        "value": -0.02796405018986358
    }
}