{
    "AX": {
        "error": 0.057851480297742654, 
        "fit": "average_SEM", 
        "value": -0.003489121809252538
    }, 
    "CDD": {
        "error": 0.00014672605696011134, 
        "fit": "average_SEM", 
        "value": 0.000130853391844236
    }, 
    "H1": {
        "error": 0.13377996806172954, 
        "fit": "average_SEM", 
        "value": 0.02229860329728884
    }, 
    "H2": {
        "error": 0.15266825941539816, 
        "fit": "average_SEM", 
        "value": -0.07741588833438678
    }, 
    "L1": {
        "error": 0.1320991162608361, 
        "fit": "average_SEM", 
        "value": -0.09269109920023766
    }, 
    "L2": {
        "error": 0.12809415180283582, 
        "fit": "average_SEM", 
        "value": -0.0390008350921562
    }
}