{
    "AX": {
        "error": 0.05783450274550901, 
        "fit": "average_SEM", 
        "value": -0.0008591474824546215
    }, 
    "CDD": {
        "error": 0.00013007501335623583, 
        "fit": "average_SEM", 
        "value": 0.00013214896874463495
    }, 
    "H1": {
        "error": 0.12028791245214515, 
        "fit": "average_SEM", 
        "value": -0.007787415843146543
    }, 
    "H2": {
        "error": 0.1466748511361041, 
        "fit": "average_SEM", 
        "value": -0.0898790418767021
    }, 
    "L1": {
        "error": 0.12654082728543545, 
        "fit": "average_SEM", 
        "value": -0.08593071928383628
    }, 
    "L2": {
        "error": 0.1484650392429212, 
        "fit": "average_SEM", 
        "value": -0.040283272749123473
    }
}