{
    "AX": {
        "error": 0.0588198898209093, 
        "fit": "average_SEM", 
        "value": 0.00017896029239636846
    }, 
    "CDD": {
        "error": 0.0001744276060073009, 
        "fit": "average_SEM", 
        "value": 0.00018785883172919664
    }, 
    "H1": {
        "error": 0.14331369390873241, 
        "fit": "average_SEM", 
        "value": 0.010556719390054543
    }, 
    "H2": {
        "error": 0.12362943854060868, 
        "fit": "average_SEM", 
        "value": -0.09739260636955199
    }, 
    "L1": {
        "error": 0.1321033712924848, 
        "fit": "average_SEM", 
        "value": -0.08754301481919052
    }, 
    "L2": {
        "error": 0.1343289071030265, 
        "fit": "average_SEM", 
        "value": -0.04881857580548967
    }
}