{
    "AX": {
        "error": 0.057928411057174355, 
        "fit": "average_SEM", 
        "value": -0.004367688928565864
    }, 
    "CDD": {
        "error": 0.00012465281632190468, 
        "fit": "average_SEM", 
        "value": 0.00011660203114540005
    }, 
    "H1": {
        "error": 0.1253160705067935, 
        "fit": "average_SEM", 
        "value": -0.00020569614425767214
    }, 
    "H2": {
        "error": 0.137498384480488, 
        "fit": "average_SEM", 
        "value": -0.10507110580995989
    }, 
    "L1": {
        "error": 0.13145221981838243, 
        "fit": "average_SEM", 
        "value": -0.06621373447705992
    }, 
    "L2": {
        "error": 0.14375487191556569, 
        "fit": "average_SEM", 
        "value": -0.05699370873238271
    }
}