{
    "AX": {
        "error": 0.05368322914985102, 
        "fit": "average_SEM", 
        "value": 0.0016106060531456024
    }, 
    "CDD": {
        "error": 0.00010850769514903477, 
        "fit": "average_SEM", 
        "value": 8.032584349469593e-05
    }, 
    "H1": {
        "error": 0.12151950219174285, 
        "fit": "average_SEM", 
        "value": -0.017416639527194397
    }, 
    "H2": {
        "error": 0.12894807075124046, 
        "fit": "average_SEM", 
        "value": -0.10513900241833957
    }, 
    "L1": {
        "error": 0.1383929814215493, 
        "fit": "average_SEM", 
        "value": -0.08101573434929984
    }, 
    "L2": {
        "error": 0.13721053161955074, 
        "fit": "average_SEM", 
        "value": -0.04913102029822767
    }
}