{
    "AX": {
        "error": 0.060595346563844084, 
        "fit": "average_SEM", 
        "value": 0.0059111356017335
    }, 
    "CDD": {
        "error": 0.00018985838742570203, 
        "fit": "average_SEM", 
        "value": 0.00019174556485571277
    }, 
    "H1": {
        "error": 0.12078660129662233, 
        "fit": "average_SEM", 
        "value": -0.00744211541993233
    }, 
    "H2": {
        "error": 0.12126065813740576, 
        "fit": "average_SEM", 
        "value": -0.10260561387597894
    }, 
    "L1": {
        "error": 0.13298626496979296, 
        "fit": "average_SEM", 
        "value": -0.06292448570699587
    }, 
    "L2": {
        "error": 0.1162778869108708, 
        "fit": "average_SEM", 
        "value": -0.03566269103127221
    }
}