{
    "AX": {
        "error": 0.06100383803997834, 
        "fit": "average_SEM", 
        "value": 0.0015856680530608477
    }, 
    "CDD": {
        "error": 0.0001330279116472992, 
        "fit": "average_SEM", 
        "value": 0.00013603570284127878
    }, 
    "H1": {
        "error": 0.10948431508799022, 
        "fit": "average_SEM", 
        "value": 0.00971912799383669
    }, 
    "H2": {
        "error": 0.13267153519023445, 
        "fit": "average_SEM", 
        "value": -0.108791848179438
    }, 
    "L1": {
        "error": 0.11904136874659224, 
        "fit": "average_SEM", 
        "value": -0.08705571081857973
    }, 
    "L2": {
        "error": 0.12641881773594146, 
        "fit": "average_SEM", 
        "value": -0.04458775477348051
    }
}