{
    "AX": {
        "error": 0.05032666098487123, 
        "fit": "average_SEM", 
        "value": -0.004075800793119319
    }, 
    "CDD": {
        "error": 0.000134577560271877, 
        "fit": "average_SEM", 
        "value": 0.00014251359437669937
    }, 
    "H1": {
        "error": 0.12560189414473738, 
        "fit": "average_SEM", 
        "value": -0.0040956030657980595
    }, 
    "H2": {
        "error": 0.11530970141264439, 
        "fit": "average_SEM", 
        "value": 0.16328248968153883
    }, 
    "L1": {
        "error": 0.130800222463082, 
        "fit": "average_SEM", 
        "value": -0.07862232926545402
    }, 
    "L2": {
        "error": 0.14163542609889937, 
        "fit": "average_SEM", 
        "value": -0.050235044534444266
    }
}