{
    "AX": {
        "error": 0.05996805809750871, 
        "fit": "average_SEM", 
        "value": 0.002680057626760875
    }, 
    "CDD": {
        "error": 0.00018212287102997303, 
        "fit": "average_SEM", 
        "value": 0.00020988366013625638
    }, 
    "H1": {
        "error": 0.12959989863639496, 
        "fit": "average_SEM", 
        "value": 0.09532160359570602
    }, 
    "H2": {
        "error": 0.12008207222920426, 
        "fit": "average_SEM", 
        "value": 0.17099174638763845
    }, 
    "L1": {
        "error": 0.11868923467725756, 
        "fit": "average_SEM", 
        "value": -0.08801227800043611
    }, 
    "L2": {
        "error": 0.12302812838944026, 
        "fit": "average_SEM", 
        "value": -0.04464354566880502
    }
}