{
    "AX": {
        "error": 0.05840755631755107, 
        "fit": "average_SEM", 
        "value": -0.008082252802948157
    }, 
    "CDD": {
        "error": 0.0001458989010279498, 
        "fit": "average_SEM", 
        "value": 0.00013992243766551836
    }, 
    "H1": {
        "error": 0.12665976296828024, 
        "fit": "average_SEM", 
        "value": -0.004774969286518172
    }, 
    "H2": {
        "error": 0.12137429742092093, 
        "fit": "average_SEM", 
        "value": 0.1606956664628039
    }, 
    "L1": {
        "error": 0.13162456051309532, 
        "fit": "average_SEM", 
        "value": -0.08076285537099466
    }, 
    "L2": {
        "error": 0.1281728812696588, 
        "fit": "average_SEM", 
        "value": -0.04973524964104096
    }
}