{
    "AX": {
        "error": 0.06256278608212075, 
        "fit": "average_SEM", 
        "value": -0.001797423119811962
    }, 
    "CDD": {
        "error": 0.0001299969131340699, 
        "fit": "average_SEM", 
        "value": 0.00010882856222451664
    }, 
    "H1": {
        "error": 0.1286727597149016, 
        "fit": "average_SEM", 
        "value": 0.004462701317000513
    }, 
    "H2": {
        "error": 0.13141393180643252, 
        "fit": "average_SEM", 
        "value": -0.09427857266085388
    }, 
    "L1": {
        "error": 0.13218875035896, 
        "fit": "average_SEM", 
        "value": -0.06857466923283936
    }, 
    "L2": {
        "error": 0.12210674677245609, 
        "fit": "average_SEM", 
        "value": -0.056676474138900326
    }
}