{
    "AX": {
        "error": 0.05584242365653785, 
        "fit": "average_SEM", 
        "value": -0.006140822500310605
    }, 
    "CDD": {
        "error": 0.0001865305956922877, 
        "fit": "average_SEM", 
        "value": 0.0001787897854228504
    }, 
    "H1": {
        "error": 0.12365021889165392, 
        "fit": "average_SEM", 
        "value": 0.1009130616779051
    }, 
    "H2": {
        "error": 0.13229574307762135, 
        "fit": "average_SEM", 
        "value": 0.15136747209908208
    }, 
    "L1": {
        "error": 0.13165792138494678, 
        "fit": "average_SEM", 
        "value": -0.07710625778745453
    }, 
    "L2": {
        "error": 0.13517937389983142, 
        "fit": "average_SEM", 
        "value": -0.05997124474282221
    }
}