{
    "AX": {
        "error": 0.05855703008185262, 
        "fit": "average_SEM", 
        "value": 0.0038786082768638153
    }, 
    "CDD": {
        "error": 0.0001294488967169249, 
        "fit": "average_SEM", 
        "value": 0.00011660203138793197
    }, 
    "H1": {
        "error": 0.12933938165562034, 
        "fit": "average_SEM", 
        "value": 0.0948096968587682
    }, 
    "H2": {
        "error": 0.12956250543220676, 
        "fit": "average_SEM", 
        "value": 0.1654358415204721
    }, 
    "L1": {
        "error": 0.1321361993428223, 
        "fit": "average_SEM", 
        "value": -0.09947749371252333
    }, 
    "L2": {
        "error": 0.12610348679710218, 
        "fit": "average_SEM", 
        "value": -0.058640086915693244
    }
}