{
    "AX": {
        "error": 0.056094051084471505, 
        "fit": "average_SEM", 
        "value": -0.004674795216609103
    }, 
    "CDD": {
        "error": 0.00016885089879194182, 
        "fit": "average_SEM", 
        "value": 0.00017360747006023303
    }, 
    "H1": {
        "error": 0.12870257619204487, 
        "fit": "average_SEM", 
        "value": 0.09169275144934848
    }, 
    "H2": {
        "error": 0.11055365313122505, 
        "fit": "average_SEM", 
        "value": 0.1681874249993901
    }, 
    "L1": {
        "error": 0.12409776129852752, 
        "fit": "average_SEM", 
        "value": -0.09559820863541972
    }, 
    "L2": {
        "error": 0.1397896369571645, 
        "fit": "average_SEM", 
        "value": -0.057877319691275866
    }
}