{
    "AX": {
        "error": 0.06272393526270904, 
        "fit": "average_SEM", 
        "value": -0.011523478387933514
    }, 
    "CDD": {
        "error": 0.00018206709792315798, 
        "fit": "average_SEM", 
        "value": 0.00020211019097284103
    }, 
    "H1": {
        "error": 0.12400446834263996, 
        "fit": "average_SEM", 
        "value": 0.10602179736209412
    }, 
    "H2": {
        "error": 0.12031619070924936, 
        "fit": "average_SEM", 
        "value": 0.15131280817828763
    }, 
    "L1": {
        "error": 0.11718589261019129, 
        "fit": "average_SEM", 
        "value": -0.10112005097325891
    }, 
    "L2": {
        "error": 0.12833883710644292, 
        "fit": "average_SEM", 
        "value": -0.04756394352686281
    }
}