{
    "AX": {
        "error": 0.06018210797020904, 
        "fit": "average_SEM", 
        "value": -0.0006343621915827195
    }, 
    "CDD": {
        "error": 0.00014274994995019024, 
        "fit": "average_SEM", 
        "value": 0.00016712957852481244
    }, 
    "H1": {
        "error": 0.12150341026162388, 
        "fit": "average_SEM", 
        "value": 0.1013182884004588
    }, 
    "H2": {
        "error": 0.13920345214544455, 
        "fit": "average_SEM", 
        "value": 0.16357905605691486
    }, 
    "L1": {
        "error": 0.12398265353032918, 
        "fit": "average_SEM", 
        "value": -0.0869624161045067
    }, 
    "L2": {
        "error": 0.1320794614087311, 
        "fit": "average_SEM", 
        "value": -0.03605363394211357
    }
}