{
    "AX": {
        "error": 0.05286310392036462, 
        "fit": "average_SEM", 
        "value": -0.0009489411575486883
    }, 
    "CDD": {
        "error": 0.00012952079201365526, 
        "fit": "average_SEM", 
        "value": 0.0001334445466151616
    }, 
    "H1": {
        "error": 0.12963400472341832, 
        "fit": "average_SEM", 
        "value": 0.08755781243598904
    }, 
    "H2": {
        "error": 0.12076820832690997, 
        "fit": "average_SEM", 
        "value": 0.15855615131246548
    }, 
    "L1": {
        "error": 0.12972337750843607, 
        "fit": "average_SEM", 
        "value": -0.08536167596903396
    }, 
    "L2": {
        "error": 0.13197749249485352, 
        "fit": "average_SEM", 
        "value": -0.06046190761262551
    }
}