{
    "AX": {
        "error": 0.06251257150188985, 
        "fit": "average_SEM", 
        "value": -0.006184879982417139
    }, 
    "CDD": {
        "error": 0.0001438425693027831, 
        "fit": "average_SEM", 
        "value": 0.00015028706354011472
    }, 
    "H1": {
        "error": 0.12136402160151522, 
        "fit": "average_SEM", 
        "value": 0.11214277199809052
    }, 
    "H2": {
        "error": 0.13896724131922294, 
        "fit": "average_SEM", 
        "value": 0.18329638754172872
    }, 
    "L1": {
        "error": 0.14014242212432598, 
        "fit": "average_SEM", 
        "value": -0.07031653433999357
    }, 
    "L2": {
        "error": 0.14784554896815555, 
        "fit": "average_SEM", 
        "value": -0.0411520872808372
    }
}