{
    "AX": {
        "error": 0.057338906455567, 
        "fit": "average_SEM", 
        "value": -0.009029453216256419
    }, 
    "CDD": {
        "error": 0.00022808535329053343, 
        "fit": "average_SEM", 
        "value": 0.00025263774126263645
    }, 
    "H1": {
        "error": 0.1183556713575203, 
        "fit": "average_SEM", 
        "value": 0.015831178475006407
    }, 
    "H2": {
        "error": 0.11974608412725904, 
        "fit": "average_SEM", 
        "value": 0.18242620046560962
    }, 
    "L1": {
        "error": 0.12571271483618077, 
        "fit": "average_SEM", 
        "value": -0.06855249786167406
    }, 
    "L2": {
        "error": 0.1363894419260838, 
        "fit": "average_SEM", 
        "value": -0.005183464071402947
    }
}