{
    "AX": {
        "error": 0.054070394106031996, 
        "fit": "average_SEM", 
        "value": -0.0016411805704895717
    }, 
    "CDD": {
        "error": 0.00017149172734334608, 
        "fit": "average_SEM", 
        "value": 0.00016194726801283348
    }, 
    "H1": {
        "error": 0.12087763157595224, 
        "fit": "average_SEM", 
        "value": 0.014062150140913825
    }, 
    "H2": {
        "error": 0.1448675225432361, 
        "fit": "average_SEM", 
        "value": 0.17666755358707936
    }, 
    "L1": {
        "error": 0.12958635313635988, 
        "fit": "average_SEM", 
        "value": -0.06341856050615509
    }, 
    "L2": {
        "error": 0.14992302866056537, 
        "fit": "average_SEM", 
        "value": -0.023472502130122544
    }
}