{
    "AX": {
        "error": 0.05392756374148593, 
        "fit": "average_SEM", 
        "value": -0.006731788451240088
    }, 
    "CDD": {
        "error": 0.00018101819429570503, 
        "fit": "average_SEM", 
        "value": 0.00018267651854936656
    }, 
    "H1": {
        "error": 0.11474772804676467, 
        "fit": "average_SEM", 
        "value": 0.003650390043427857
    }, 
    "H2": {
        "error": 0.1201701655448129, 
        "fit": "average_SEM", 
        "value": 0.18709254949353635
    }, 
    "L1": {
        "error": 0.1318909590739191, 
        "fit": "average_SEM", 
        "value": -0.07688070184231037
    }, 
    "L2": {
        "error": 0.14182373645581256, 
        "fit": "average_SEM", 
        "value": -0.042861656422610396
    }
}