{
    "AX": {
        "error": 0.05795509797016998, 
        "fit": "average_SEM", 
        "value": -0.00028421932026200615
    }, 
    "CDD": {
        "error": 0.00010090171898436034, 
        "fit": "average_SEM", 
        "value": 5.830101533016811e-05
    }, 
    "H1": {
        "error": 0.10983863929114593, 
        "fit": "average_SEM", 
        "value": 0.015225054576876573
    }, 
    "H2": {
        "error": 0.11775871278243415, 
        "fit": "average_SEM", 
        "value": 0.17396050806419225
    }, 
    "L1": {
        "error": 0.13723996600721064, 
        "fit": "average_SEM", 
        "value": -0.07674266576941591
    }, 
    "L2": {
        "error": 0.1450727761157787, 
        "fit": "average_SEM", 
        "value": -0.03382007625138309
    }
}