{
    "AX": {
        "error": 0.05655870235883541, 
        "fit": "average_SEM", 
        "value": -0.0006059227084430556
    }, 
    "CDD": {
        "error": 0.0001616606865483552, 
        "fit": "average_SEM", 
        "value": 0.00018138094019377605
    }, 
    "H1": {
        "error": 0.12396098855677319, 
        "fit": "average_SEM", 
        "value": 0.015077184480226909
    }, 
    "H2": {
        "error": 0.12232567716866877, 
        "fit": "average_SEM", 
        "value": 0.1625603298462617
    }, 
    "L1": {
        "error": 0.13058292264501453, 
        "fit": "average_SEM", 
        "value": -0.06945840542339284
    }, 
    "L2": {
        "error": 0.14170620734843822, 
        "fit": "average_SEM", 
        "value": -0.030508685550497225
    }
}