{
    "AX": {
        "error": 0.05937995694482947, 
        "fit": "average_SEM", 
        "value": -0.008606280590417252
    }, 
    "CDD": {
        "error": 0.00023589583093348268, 
        "fit": "average_SEM", 
        "value": 0.0003083476040046662
    }, 
    "H1": {
        "error": 0.13021620650441065, 
        "fit": "average_SEM", 
        "value": 0.034208316328901374
    }, 
    "H2": {
        "error": 0.11331015260487083, 
        "fit": "average_SEM", 
        "value": 0.1605015980564834
    }, 
    "L1": {
        "error": 0.156002469607639, 
        "fit": "average_SEM", 
        "value": -0.06363513380444298
    }, 
    "L2": {
        "error": 0.14258883857782612, 
        "fit": "average_SEM", 
        "value": -0.022913517421693542
    }
}