{
    "AX": {
        "error": 0.05649767397853563, 
        "fit": "average_SEM", 
        "value": -0.007698617369169369
    }, 
    "CDD": {
        "error": 0.00013743375249637823, 
        "fit": "average_SEM", 
        "value": 0.0001567649538628757
    }, 
    "H1": {
        "error": 0.12153506506555684, 
        "fit": "average_SEM", 
        "value": 0.008545643972077717
    }, 
    "H2": {
        "error": 0.12231578904354339, 
        "fit": "average_SEM", 
        "value": -0.08780972932387764
    }, 
    "L1": {
        "error": 0.12111702783729214, 
        "fit": "average_SEM", 
        "value": -0.04134931798713903
    }, 
    "L2": {
        "error": 0.14018912155134766, 
        "fit": "average_SEM", 
        "value": -0.01192272043772391
    }
}