{
    "AX": {
        "error": 0.05903866744101906, 
        "fit": "average_SEM", 
        "value": -0.032253916539613986
    }, 
    "CDD": {
        "error": 0.00012161046588999912, 
        "fit": "average_SEM", 
        "value": 8.118956239842293e-05
    }, 
    "H1": {
        "error": 0.11925519187514015, 
        "fit": "average_SEM", 
        "value": 0.04390849750683022
    }, 
    "H2": {
        "error": 0.1346067226736676, 
        "fit": "average_SEM", 
        "value": -0.34184097337743474
    }, 
    "L1": {
        "error": 0.13834458219429657, 
        "fit": "average_SEM", 
        "value": -0.09510052263439218
    }, 
    "L2": {
        "error": 0.1288766279396748, 
        "fit": "average_SEM", 
        "value": -0.08068247516599109
    }
}