{
    "AX": {
        "error": 0.061848521212694574, 
        "fit": "average_SEM", 
        "value": -0.03107852108862264
    }, 
    "CDD": {
        "error": 0.00011171689474713272, 
        "fit": "average_SEM", 
        "value": 8.982674917206168e-05
    }, 
    "H1": {
        "error": 0.13154629320790245, 
        "fit": "average_SEM", 
        "value": 0.040823715852780475
    }, 
    "H2": {
        "error": 0.1237390689944502, 
        "fit": "average_SEM", 
        "value": -0.3640662607219484
    }, 
    "L1": {
        "error": 0.10732825482796592, 
        "fit": "average_SEM", 
        "value": -0.06889384267075609
    }, 
    "L2": {
        "error": 0.12811246350426642, 
        "fit": "average_SEM", 
        "value": -0.10857329033121156
    }
}