{
    "AX": {
        "error": 0.05571619235414499, 
        "fit": "average_SEM", 
        "value": -0.03280082165535229
    }, 
    "CDD": {
        "error": 0.00010152839649779822, 
        "fit": "average_SEM", 
        "value": 6.564262471834405e-05
    }, 
    "H1": {
        "error": 0.12491548386322328, 
        "fit": "average_SEM", 
        "value": 0.03653843506035628
    }, 
    "H2": {
        "error": 0.1554307413713692, 
        "fit": "average_SEM", 
        "value": -0.34500956057260435
    }, 
    "L1": {
        "error": 0.12056505298072995, 
        "fit": "average_SEM", 
        "value": -0.08020108331305285
    }, 
    "L2": {
        "error": 0.1458017043899127, 
        "fit": "average_SEM", 
        "value": -0.12231983161182143
    }
}