{
    "AX": {
        "error": 0.061073108108752286, 
        "fit": "average_SEM", 
        "value": -0.03713057272317302
    }, 
    "CDD": {
        "error": 0.00011709753798882945, 
        "fit": "average_SEM", 
        "value": 7.946212523772071e-05
    }, 
    "H1": {
        "error": 0.12484968855855591, 
        "fit": "average_SEM", 
        "value": 0.057455361364797376
    }, 
    "H2": {
        "error": 0.14245132790059054, 
        "fit": "average_SEM", 
        "value": -0.3588976612521542
    }, 
    "L1": {
        "error": 0.12901790409395875, 
        "fit": "average_SEM", 
        "value": -0.09147681941815083
    }, 
    "L2": {
        "error": 0.1445882805570903, 
        "fit": "average_SEM", 
        "value": -0.12712761619542207
    }
}