{
    "AX": {
        "error": 0.06935889363839923, 
        "fit": "average_SEM", 
        "value": -0.03573928302179815
    }, 
    "CDD": {
        "error": 0.00011392350027482895, 
        "fit": "average_SEM", 
        "value": 9.155418730289158e-05
    }, 
    "H1": {
        "error": 0.11522987554996074, 
        "fit": "average_SEM", 
        "value": 0.04573808359111556
    }, 
    "H2": {
        "error": 0.1263539710404052, 
        "fit": "average_SEM", 
        "value": -0.3830205334557427
    }, 
    "L1": {
        "error": 0.12469651818511981, 
        "fit": "average_SEM", 
        "value": -0.06618034054732157
    }, 
    "L2": {
        "error": 0.1374645142010755, 
        "fit": "average_SEM", 
        "value": -0.12068013396734993
    }
}