{
    "AX": {
        "error": 0.04624552439903442, 
        "fit": "average_SEM", 
        "value": -0.035276037417416875
    }, 
    "CDD": {
        "error": 0.00011171689584943356, 
        "fit": "average_SEM", 
        "value": 8.982674949543757e-05
    }, 
    "H1": {
        "error": 0.1159019986678918, 
        "fit": "average_SEM", 
        "value": 0.03072876199407296
    }, 
    "H2": {
        "error": 0.15080211744847816, 
        "fit": "average_SEM", 
        "value": -0.3547768269562059
    }, 
    "L1": {
        "error": 0.14093646671065818, 
        "fit": "average_SEM", 
        "value": -0.07967066475862844
    }, 
    "L2": {
        "error": 0.13709338557185013, 
        "fit": "average_SEM", 
        "value": -0.09168766737242953
    }
}