{
    "AX": {
        "error": 0.055385327545589724, 
        "fit": "average_SEM", 
        "value": -0.04120377069597857
    }, 
    "CDD": {
        "error": 0.00014637192356663136, 
        "fit": "average_SEM", 
        "value": 0.00013819500098988
    }, 
    "H1": {
        "error": 0.11979037950697663, 
        "fit": "average_SEM", 
        "value": 0.07955159023662822
    }, 
    "H2": {
        "error": 0.14773853022262715, 
        "fit": "average_SEM", 
        "value": -0.3509768313003911
    }, 
    "L1": {
        "error": 0.1375569497608771, 
        "fit": "average_SEM", 
        "value": -0.03803204067517072
    }, 
    "L2": {
        "error": 0.12449739564681563, 
        "fit": "average_SEM", 
        "value": -0.09032731607375252
    }
}