{
    "AX": {
        "error": 0.0560528171318232, 
        "fit": "average_SEM", 
        "value": -0.0370375572244585
    }, 
    "CDD": {
        "error": 0.00011475482894116684, 
        "fit": "average_SEM", 
        "value": 7.946212491434481e-05
    }, 
    "H1": {
        "error": 0.12893603765938091, 
        "fit": "average_SEM", 
        "value": 0.04937031300505623
    }, 
    "H2": {
        "error": 0.15658604776591195, 
        "fit": "average_SEM", 
        "value": -0.37345259661475816
    }, 
    "L1": {
        "error": 0.12870674904700494, 
        "fit": "average_SEM", 
        "value": -0.059826347710461254
    }, 
    "L2": {
        "error": 0.1530491251542695, 
        "fit": "average_SEM", 
        "value": -0.11915199294324136
    }
}