{
    "AX": {
        "error": 0.05519274521807492, 
        "fit": "average_SEM", 
        "value": -0.03939559792844294
    }, 
    "CDD": {
        "error": 0.00014053465509624927, 
        "fit": "average_SEM", 
        "value": 0.00014683218841027055
    }, 
    "H1": {
        "error": 0.12906659634059509, 
        "fit": "average_SEM", 
        "value": 0.033276354242762964
    }, 
    "H2": {
        "error": 0.13827961843419148, 
        "fit": "average_SEM", 
        "value": -0.348816469973988
    }, 
    "L1": {
        "error": 0.13264020447896757, 
        "fit": "average_SEM", 
        "value": -0.1034255063212994
    }, 
    "L2": {
        "error": 0.13126835648703117, 
        "fit": "average_SEM", 
        "value": -0.10362982623175615
    }
}