{
    "AX": {
        "error": 0.04892940897782785, 
        "fit": "average_SEM", 
        "value": -0.026236457575578243
    }, 
    "CDD": {
        "error": 0.00011491249420464758, 
        "fit": "average_SEM", 
        "value": 0.00010019137439990624
    }, 
    "H1": {
        "error": 0.12618365944812326, 
        "fit": "average_SEM", 
        "value": 0.04857097488517562
    }, 
    "H2": {
        "error": 0.15845640217942222, 
        "fit": "average_SEM", 
        "value": -0.35628991220146417
    }, 
    "L1": {
        "error": 0.11154160423159756, 
        "fit": "average_SEM", 
        "value": -0.0738513155038365
    }, 
    "L2": {
        "error": 0.12362734988096231, 
        "fit": "average_SEM", 
        "value": -0.10298262009293668
    }
}