{
    "AX": {
        "error": 0.054373046394166374, 
        "fit": "average_SEM", 
        "value": -0.03470880555170071
    }, 
    "CDD": {
        "error": 0.0001367916126460849, 
        "fit": "average_SEM", 
        "value": 0.00010882856279042446
    }, 
    "H1": {
        "error": 0.12720722908420554, 
        "fit": "average_SEM", 
        "value": 0.04289409472969257
    }, 
    "H2": {
        "error": 0.14854278217663744, 
        "fit": "average_SEM", 
        "value": -0.33305613711062404
    }, 
    "L1": {
        "error": 0.11517173026593838, 
        "fit": "average_SEM", 
        "value": -0.08290913284807984
    }, 
    "L2": {
        "error": 0.13920836430699085, 
        "fit": "average_SEM", 
        "value": -0.10248840151665112
    }
}