{
    "AX": {
        "error": 0.058220902664554056, 
        "fit": "average_SEM", 
        "value": -0.035194810930342
    }, 
    "CDD": {
        "error": 0.00012235260231663027, 
        "fit": "average_SEM", 
        "value": 0.00011573831207998511
    }, 
    "H1": {
        "error": 0.12828659023640962, 
        "fit": "average_SEM", 
        "value": 0.053582342349303265
    }, 
    "H2": {
        "error": 0.1490233859556155, 
        "fit": "average_SEM", 
        "value": -0.37120338699056044
    }, 
    "L1": {
        "error": 0.11611161161285662, 
        "fit": "average_SEM", 
        "value": -0.07872057947744097
    }, 
    "L2": {
        "error": 0.1215841939965652, 
        "fit": "average_SEM", 
        "value": -0.0787060700615661
    }
}