{
    "AX": {
        "error": 0.05797258081459765, 
        "fit": "average_SEM", 
        "value": -0.03291942770851569
    }, 
    "CDD": {
        "error": 0.00014219961184782945, 
        "fit": "average_SEM", 
        "value": 0.00014337731279536253
    }, 
    "H1": {
        "error": 0.1232146932392847, 
        "fit": "average_SEM", 
        "value": 0.0515681660371936
    }, 
    "H2": {
        "error": 0.15201408680760228, 
        "fit": "average_SEM", 
        "value": -0.3460108623322513
    }, 
    "L1": {
        "error": 0.11292605553462226, 
        "fit": "average_SEM", 
        "value": -0.06816238778604505
    }, 
    "L2": {
        "error": 0.1260026566856952, 
        "fit": "average_SEM", 
        "value": -0.0923481497189237
    }
}