{
    "AX": {
        "error": 0.05661343757310813, 
        "fit": "average_SEM", 
        "value": -0.031807638592241956
    }, 
    "CDD": {
        "error": 0.0001820990585234088, 
        "fit": "average_SEM", 
        "value": 0.00019174556525993264
    }, 
    "H1": {
        "error": 0.1336609702474795, 
        "fit": "average_SEM", 
        "value": 0.05604307098288296
    }, 
    "H2": {
        "error": 0.1402645641812393, 
        "fit": "average_SEM", 
        "value": -0.3570755648944113
    }, 
    "L1": {
        "error": 0.12042687819900869, 
        "fit": "average_SEM", 
        "value": -0.07355780197410948
    }, 
    "L2": {
        "error": 0.14721438035919007, 
        "fit": "average_SEM", 
        "value": -0.08426129632474234
    }
}