{
    "AX": {
        "error": 0.05940637079344972, 
        "fit": "average_SEM", 
        "value": -0.04186399301171251
    }, 
    "CDD": {
        "error": 0.00013120682604138214, 
        "fit": "average_SEM", 
        "value": 9.500906291779959e-05
    }, 
    "H1": {
        "error": 0.118187025786295, 
        "fit": "average_SEM", 
        "value": 0.041268053950948846
    }, 
    "H2": {
        "error": 0.1583238991110652, 
        "fit": "average_SEM", 
        "value": -0.35025852005928754
    }, 
    "L1": {
        "error": 0.1309500293139204, 
        "fit": "average_SEM", 
        "value": -0.09566675917271318
    }, 
    "L2": {
        "error": 0.12141100185627983, 
        "fit": "average_SEM", 
        "value": -0.07363433775802454
    }
}