{
    "AX": {
        "error": 0.04932916552460438, 
        "fit": "average_SEM", 
        "value": -0.03967683031935142
    }, 
    "CDD": {
        "error": 9.942613037221886e-05, 
        "fit": "average_SEM", 
        "value": 8.291699923574924e-05
    }, 
    "H1": {
        "error": 0.11599472840307701, 
        "fit": "average_SEM", 
        "value": 0.025888230157498686
    }, 
    "H2": {
        "error": 0.1413144633214816, 
        "fit": "average_SEM", 
        "value": -0.34846443082723355
    }, 
    "L1": {
        "error": 0.12369906011040442, 
        "fit": "average_SEM", 
        "value": -0.05905103235919443
    }, 
    "L2": {
        "error": 0.12047826362013435, 
        "fit": "average_SEM", 
        "value": -0.0785298011964187
    }
}