{
    "AX": {
        "error": 0.05019958411424084, 
        "fit": "average_SEM", 
        "value": -0.039679073574047326
    }, 
    "CDD": {
        "error": 0.00014108113154232284, 
        "fit": "average_SEM", 
        "value": 0.00010710112627647404
    }, 
    "H1": {
        "error": 0.11822674080578702, 
        "fit": "average_SEM", 
        "value": 0.058370319396878284
    }, 
    "H2": {
        "error": 0.15331173456214178, 
        "fit": "average_SEM", 
        "value": -0.3469095744606521
    }, 
    "L1": {
        "error": 0.12453758383738105, 
        "fit": "average_SEM", 
        "value": -0.06029399801045656
    }, 
    "L2": {
        "error": 0.14220487092236256, 
        "fit": "average_SEM", 
        "value": -0.08785142736507826
    }
}