{
    "AX": {
        "error": 0.06095521738594165, 
        "fit": "average_SEM", 
        "value": -0.030188336145753662
    }, 
    "CDD": {
        "error": 0.00010451602426949382, 
        "fit": "average_SEM", 
        "value": 6.909749968650026e-05
    }, 
    "H1": {
        "error": 0.13342679960494555, 
        "fit": "average_SEM", 
        "value": 0.024629621357760496
    }, 
    "H2": {
        "error": 0.14455478002260058, 
        "fit": "average_SEM", 
        "value": -0.34901744864053197
    }, 
    "L1": {
        "error": 0.1401386698090971, 
        "fit": "average_SEM", 
        "value": -0.0724825471238647
    }, 
    "L2": {
        "error": 0.12297408578774464, 
        "fit": "average_SEM", 
        "value": -0.078556859721559
    }
}