{
    "AX": {
        "error": 0.05959378859468529, 
        "fit": "average_SEM", 
        "value": -0.02854509693958486
    }, 
    "CDD": {
        "error": 0.00016748529227443896, 
        "fit": "average_SEM", 
        "value": 0.0002038376286186071
    }, 
    "H1": {
        "error": 0.1338786354457783, 
        "fit": "average_SEM", 
        "value": 0.065677977195527
    }, 
    "H2": {
        "error": 0.14759848734027567, 
        "fit": "average_SEM", 
        "value": -0.35407523297601273
    }, 
    "L1": {
        "error": 0.13835564596386615, 
        "fit": "average_SEM", 
        "value": -0.06739183795224461
    }, 
    "L2": {
        "error": 0.14382803403090222, 
        "fit": "average_SEM", 
        "value": -0.09891343066725919
    }
}