{
    "AX": {
        "error": 0.057903922915828555, 
        "fit": "average_SEM", 
        "value": -0.034825549341945185
    }, 
    "CDD": {
        "error": 0.0001147153762699912, 
        "fit": "average_SEM", 
        "value": 8.118956175167114e-05
    }, 
    "H1": {
        "error": 0.10500174483362114, 
        "fit": "average_SEM", 
        "value": 0.03654340926700065
    }, 
    "H2": {
        "error": 0.1484739066134266, 
        "fit": "average_SEM", 
        "value": -0.36046881263868674
    }, 
    "L1": {
        "error": 0.14323089315198606, 
        "fit": "average_SEM", 
        "value": -0.05643236278038886
    }, 
    "L2": {
        "error": 0.15171827373294813, 
        "fit": "average_SEM", 
        "value": -0.08240234390250407
    }
}