{
    "AX": {
        "error": 0.05873937613953309, 
        "fit": "average_SEM", 
        "value": -0.027273487431618074
    }, 
    "CDD": {
        "error": 0.0001278875428503653, 
        "fit": "average_SEM", 
        "value": 8.637187485065725e-05
    }, 
    "H1": {
        "error": 0.13473541412682152, 
        "fit": "average_SEM", 
        "value": 0.06008198025067234
    }, 
    "H2": {
        "error": 0.14453774041165376, 
        "fit": "average_SEM", 
        "value": -0.3552499725172917
    }, 
    "L1": {
        "error": 0.10986380437411462, 
        "fit": "average_SEM", 
        "value": -0.06895861352871482
    }, 
    "L2": {
        "error": 0.15613120515751122, 
        "fit": "average_SEM", 
        "value": -0.08569030767668867
    }
}