{
    "AX": {
        "error": 0.05380061774567854, 
        "fit": "average_SEM", 
        "value": -0.032788457131634155
    }, 
    "CDD": {
        "error": 9.291536120187094e-05, 
        "fit": "average_SEM", 
        "value": 6.391518691089005e-05
    }, 
    "H1": {
        "error": 0.11762769294975238, 
        "fit": "average_SEM", 
        "value": 0.02777960706411654
    }, 
    "H2": {
        "error": 0.16795455228908476, 
        "fit": "average_SEM", 
        "value": -0.359058607618014
    }, 
    "L1": {
        "error": 0.12518243299865814, 
        "fit": "average_SEM", 
        "value": -0.07355271549766056
    }, 
    "L2": {
        "error": 0.14093293109188987, 
        "fit": "average_SEM", 
        "value": -0.06327635432502979
    }
}