{
    "AX": {
        "error": 0.05407697995035126, 
        "fit": "average_SEM", 
        "value": -0.04797237529678063
    }, 
    "CDD": {
        "error": 0.0001084271566262658, 
        "fit": "average_SEM", 
        "value": 0.00010710112433621867
    }, 
    "H1": {
        "error": 0.1388489126517459, 
        "fit": "average_SEM", 
        "value": 0.043774714743873726
    }, 
    "H2": {
        "error": 0.16969786793069927, 
        "fit": "average_SEM", 
        "value": -0.3389382478884525
    }, 
    "L1": {
        "error": 0.10446782933389677, 
        "fit": "average_SEM", 
        "value": -0.07364239637002659
    }, 
    "L2": {
        "error": 0.13822301435478518, 
        "fit": "average_SEM", 
        "value": -0.0735939595363258
    }
}